/*******************************************************************************
 * Size: 72 px
 * Bpp: 1
 * Opts: --bpp 1 --size 72 --stride 1 --align 1 --font ShortBaby-Mg2w.ttf --range 32-127 --format lvgl -o montserrat_72.c
 ******************************************************************************/

#ifdef __has_include
    #if __has_include("lvgl.h")
        #ifndef LV_LVGL_H_INCLUDE_SIMPLE
            #define LV_LVGL_H_INCLUDE_SIMPLE
        #endif
    #endif
#endif

#ifdef LV_LVGL_H_INCLUDE_SIMPLE
    #include "lvgl.h"
#else
    #include "lvgl/lvgl.h"
#endif



#ifndef MONTSERRAT_72
#define MONTSERRAT_72 1
#endif

#if MONTSERRAT_72

/*-----------------
 *    BITMAPS
 *----------------*/

/*Store the image of the glyphs*/
static LV_ATTRIBUTE_LARGE_CONST const uint8_t glyph_bitmap[] = {
    /* U+0020 " " */
    0x0,

    /* U+0030 "0" */
    0x0, 0x0, 0x0, 0x0, 0x0, 0x0, 0x0, 0x7,
    0xff, 0x80, 0x0, 0x0, 0x7, 0xff, 0xf8, 0x0,
    0x0, 0x7, 0xff, 0xff, 0x80, 0x0, 0x3, 0xff,
    0xff, 0xf0, 0x0, 0x3, 0xff, 0xff, 0xfe, 0x0,
    0x1, 0xff, 0xff, 0xff, 0x80, 0x0, 0xff, 0xff,
    0xff, 0xf0, 0x0, 0x7f, 0xff, 0xf, 0xfe, 0x0,
    0x3f, 0xff, 0x3, 0xff, 0x80, 0xf, 0xff, 0x80,
    0x7f, 0xf0, 0x7, 0xff, 0xc0, 0x1f, 0xfc, 0x3,
    0xff, 0xe0, 0x3, 0xff, 0x0, 0xff, 0xf0, 0x0,
    0xff, 0xe0, 0x7f, 0xf8, 0x0, 0x3f, 0xf8, 0x3f,
    0xfe, 0x0, 0xf, 0xfe, 0xf, 0xff, 0x0, 0x1,
    0xff, 0x87, 0xff, 0x80, 0x0, 0x7f, 0xf1, 0xff,
    0xe0, 0x0, 0x1f, 0xfc, 0x7f, 0xf0, 0x0, 0x7,
    0xff, 0x3f, 0xfc, 0x0, 0x1, 0xff, 0xcf, 0xfe,
    0x0, 0x0, 0x7f, 0xf3, 0xff, 0x80, 0x0, 0x1f,
    0xfd, 0xff, 0xe0, 0x0, 0x7, 0xff, 0x7f, 0xf0,
    0x0, 0x1, 0xff, 0xdf, 0xfc, 0x0, 0x0, 0x7f,
    0xf7, 0xff, 0x0, 0x0, 0x1f, 0xfd, 0xff, 0xc0,
    0x0, 0xf, 0xff, 0xff, 0xe0, 0x0, 0x3, 0xff,
    0xff, 0xf8, 0x0, 0x0, 0xff, 0xef, 0xfe, 0x0,
    0x0, 0x3f, 0xfb, 0xff, 0x80, 0x0, 0x1f, 0xfe,
    0xff, 0xe0, 0x0, 0x7, 0xff, 0xbf, 0xf8, 0x0,
    0x1, 0xff, 0xcf, 0xfe, 0x0, 0x0, 0x7f, 0xf3,
    0xff, 0x80, 0x0, 0x3f, 0xfc, 0xff, 0xe0, 0x0,
    0xf, 0xfe, 0x3f, 0xf8, 0x0, 0x7, 0xff, 0x8f,
    0xfe, 0x0, 0x1, 0xff, 0xe3, 0xff, 0xc0, 0x0,
    0xff, 0xf0, 0x7f, 0xf0, 0x0, 0x3f, 0xfc, 0x1f,
    0xfc, 0x0, 0x1f, 0xfe, 0x7, 0xff, 0x0, 0xf,
    0xff, 0x80, 0xff, 0xe0, 0x3, 0xff, 0xc0, 0x3f,
    0xf8, 0x1, 0xff, 0xf0, 0xf, 0xff, 0x0, 0xff,
    0xf8, 0x1, 0xff, 0xc0, 0x7f, 0xfc, 0x0, 0x7f,
    0xf8, 0x3f, 0xff, 0x0, 0xf, 0xff, 0xbf, 0xff,
    0x80, 0x1, 0xff, 0xff, 0xff, 0xc0, 0x0, 0x7f,
    0xff, 0xff, 0xe0, 0x0, 0xf, 0xff, 0xff, 0xf0,
    0x0, 0x1, 0xff, 0xff, 0xf8, 0x0, 0x0, 0x1f,
    0xff, 0xf8, 0x0, 0x0, 0x3, 0xff, 0xf8, 0x0,
    0x0, 0x0, 0x3f, 0xf8, 0x0, 0x0, 0x0, 0x0,
    0x0, 0x0, 0x0, 0x0,

    /* U+0031 "1" */
    0x0, 0x0, 0x10, 0x0, 0x1, 0xf0, 0x0, 0x7,
    0xf0, 0x0, 0x1f, 0xe0, 0x0, 0xff, 0xc0, 0x3,
    0xff, 0xc0, 0x1f, 0xff, 0x80, 0x7f, 0xff, 0x3,
    0xff, 0xfc, 0xf, 0xff, 0xf8, 0x7f, 0xff, 0xf3,
    0xff, 0xff, 0xef, 0xff, 0xff, 0xdf, 0xf3, 0xff,
    0x9e, 0xf, 0xfe, 0x0, 0x1f, 0xfc, 0x0, 0x3f,
    0xf8, 0x0, 0xff, 0xf0, 0x1, 0xff, 0xc0, 0x3,
    0xff, 0x80, 0xf, 0xff, 0x0, 0x1f, 0xfe, 0x0,
    0x3f, 0xf8, 0x0, 0xff, 0xf0, 0x1, 0xff, 0xe0,
    0x3, 0xff, 0xc0, 0xf, 0xff, 0x0, 0x1f, 0xfe,
    0x0, 0x3f, 0xfc, 0x0, 0x7f, 0xf8, 0x1, 0xff,
    0xf0, 0x3, 0xff, 0xc0, 0x7, 0xff, 0x80, 0xf,
    0xff, 0x0, 0x3f, 0xfe, 0x0, 0x7f, 0xf8, 0x0,
    0xff, 0xf0, 0x1, 0xff, 0xe0, 0x3, 0xff, 0xc0,
    0xf, 0xff, 0x0, 0x1f, 0xfe, 0x0, 0x3f, 0xfc,
    0x0, 0x7f, 0xf8, 0x0, 0xff, 0xe0, 0x3, 0xff,
    0xc0, 0x7, 0xff, 0x80, 0xf, 0xff, 0x0, 0x1f,
    0xfe, 0x0, 0x3f, 0xf8, 0x0, 0x7f, 0xf0, 0x0,
    0xff, 0xe0, 0x1, 0xff, 0xc0, 0x3, 0xff, 0x0,
    0x7, 0xfe, 0x0, 0xf, 0xfc, 0x0, 0x1f, 0xf8,
    0x0, 0x1f, 0xe0, 0x0, 0x1f, 0x80, 0x0, 0xc,
    0x0, 0x0,

    /* U+0032 "2" */
    0x0, 0x0, 0x0, 0x0, 0x0, 0x0, 0x0, 0x0,
    0x0, 0x0, 0x0, 0x0, 0x0, 0x1f, 0xfc, 0x0,
    0x0, 0x0, 0x3f, 0xff, 0xc0, 0x0, 0x0, 0x1f,
    0xff, 0xfc, 0x0, 0x0, 0x1f, 0xff, 0xff, 0x0,
    0x0, 0xf, 0xff, 0xff, 0xe0, 0x0, 0x7, 0xff,
    0xff, 0xfc, 0x0, 0x3, 0xff, 0xff, 0xff, 0x0,
    0x1, 0xff, 0xff, 0xff, 0xc0, 0x0, 0xff, 0xc0,
    0x3f, 0xf8, 0x0, 0x3f, 0x80, 0x7, 0xfe, 0x0,
    0x1f, 0xc0, 0x1, 0xff, 0x80, 0x7, 0xe0, 0x0,
    0x7f, 0xe0, 0x1, 0xf0, 0x0, 0x1f, 0xf8, 0x0,
    0x7c, 0x0, 0x7, 0xfe, 0x0, 0x1e, 0x0, 0x3,
    0xff, 0x80, 0x3, 0x0, 0x0, 0xff, 0xe0, 0x0,
    0x0, 0x0, 0x7f, 0xf8, 0x0, 0x0, 0x0, 0x1f,
    0xfe, 0x0, 0x0, 0x0, 0xf, 0xff, 0x0, 0x0,
    0x0, 0x3, 0xff, 0xc0, 0x0, 0x0, 0x1, 0xff,
    0xe0, 0x0, 0x0, 0x0, 0xff, 0xf8, 0x0, 0x0,
    0x0, 0x3f, 0xfc, 0x0, 0x0, 0x0, 0x1f, 0xff,
    0x0, 0x0, 0x0, 0xf, 0xff, 0x80, 0x0, 0x0,
    0x7, 0xff, 0xe0, 0x0, 0x0, 0x3, 0xff, 0xf0,
    0x0, 0x0, 0x1, 0xff, 0xf8, 0x0, 0x0, 0x0,
    0xff, 0xfc, 0x0, 0x0, 0x0, 0x7f, 0xfe, 0x0,
    0x0, 0x0, 0x3f, 0xff, 0x80, 0x0, 0x0, 0x1f,
    0xff, 0xc0, 0x0, 0x0, 0xf, 0xff, 0xe0, 0x0,
    0x0, 0x7, 0xff, 0xf0, 0x0, 0x0, 0x3, 0xff,
    0xf8, 0x0, 0x0, 0x1, 0xff, 0xfc, 0x0, 0x0,
    0x0, 0xff, 0xfe, 0x0, 0x0, 0x0, 0x7f, 0xfe,
    0x0, 0x0, 0x0, 0x3f, 0xff, 0x0, 0x0, 0x0,
    0x1f, 0xff, 0x80, 0x0, 0x0, 0xf, 0xff, 0xc0,
    0x0, 0x0, 0x7, 0xff, 0xe0, 0x0, 0x0, 0x3,
    0xff, 0xf0, 0x0, 0x0, 0x1, 0xff, 0xf8, 0x0,
    0x0, 0x0, 0xff, 0xfc, 0x0, 0x0, 0x0, 0x3f,
    0xfe, 0x0, 0x0, 0x0, 0x1f, 0xff, 0xff, 0xff,
    0xc0, 0xf, 0xff, 0xff, 0xff, 0xf8, 0x3, 0xff,
    0xff, 0xff, 0xff, 0x1, 0xff, 0xff, 0xff, 0xff,
    0xc0, 0x7f, 0xff, 0xff, 0xff, 0xf0, 0x1f, 0xff,
    0xff, 0xff, 0xfc, 0x7, 0xff, 0xff, 0xff, 0xff,
    0x0, 0xff, 0xff, 0xff, 0xff, 0x80, 0x1f, 0xff,
    0xff, 0xff, 0xc0, 0x0,

    /* U+0033 "3" */
    0x0, 0x0, 0x1, 0xf8, 0x0, 0x0, 0x0, 0x3f,
    0xff, 0x0, 0x0, 0x1, 0xff, 0xff, 0x80, 0x0,
    0xf, 0xff, 0xff, 0x80, 0x0, 0x3f, 0xff, 0xff,
    0x80, 0x1, 0xff, 0xff, 0xff, 0x0, 0x7, 0xff,
    0xff, 0xff, 0x0, 0xf, 0xfc, 0x7, 0xfe, 0x0,
    0x1f, 0xe0, 0x7, 0xfe, 0x0, 0x7f, 0x0, 0x7,
    0xfc, 0x0, 0xfc, 0x0, 0xf, 0xf8, 0x1, 0xf0,
    0x0, 0x3f, 0xf0, 0x3, 0xc0, 0x0, 0x7f, 0xe0,
    0x3, 0x80, 0x1, 0xff, 0xc0, 0x0, 0x0, 0xf,
    0xff, 0x0, 0x0, 0x0, 0x3f, 0xfe, 0x0, 0x0,
    0x0, 0xff, 0xf8, 0x0, 0x0, 0x7, 0xff, 0xe0,
    0x0, 0x0, 0x3f, 0xff, 0x80, 0x0, 0x0, 0xff,
    0xfe, 0x0, 0x0, 0x7, 0xff, 0xf8, 0x0, 0x0,
    0x1f, 0xff, 0xe0, 0x0, 0x0, 0xff, 0xff, 0x80,
    0x0, 0x3, 0xff, 0xfe, 0x0, 0x0, 0x1f, 0xff,
    0xfc, 0x0, 0x0, 0x7f, 0xff, 0xfe, 0x0, 0x1,
    0xff, 0xff, 0xfe, 0x0, 0x1, 0xff, 0xff, 0xfc,
    0x0, 0x3, 0xff, 0x7f, 0xfc, 0x0, 0x0, 0x0,
    0xf, 0xfc, 0x0, 0x0, 0x0, 0x7, 0xf8, 0x0,
    0x0, 0x0, 0xf, 0xf0, 0x0, 0x0, 0x0, 0xf,
    0xf0, 0x0, 0x0, 0x0, 0x1f, 0xe0, 0x0, 0x0,
    0x0, 0x3f, 0xc0, 0x0, 0x0, 0x0, 0xff, 0x80,
    0x0, 0x0, 0x1, 0xff, 0x0, 0x0, 0x0, 0x7,
    0xfe, 0x0, 0x0, 0x0, 0x1f, 0xfc, 0x0, 0x0,
    0x0, 0x7f, 0xf8, 0x0, 0x0, 0x1, 0xff, 0xf0,
    0x0, 0x0, 0xf, 0xff, 0xc0, 0x0, 0x0, 0x3f,
    0xff, 0x80, 0x0, 0x1, 0xff, 0xfe, 0x7, 0xe0,
    0x1f, 0xff, 0xfc, 0xf, 0xff, 0xff, 0xff, 0xf0,
    0x1f, 0xff, 0xff, 0xff, 0xc0, 0x3f, 0xff, 0xff,
    0xff, 0x0, 0x7f, 0xff, 0xff, 0xfc, 0x0, 0xff,
    0xff, 0xff, 0xf0, 0x0, 0xff, 0xff, 0xff, 0x80,
    0x1, 0xff, 0xff, 0xfc, 0x0, 0x0, 0xff, 0xff,
    0xe0, 0x0, 0x0, 0xff, 0xff, 0x0, 0x0, 0x0,
    0x3f, 0xe0, 0x0, 0x0, 0x0,

    /* U+0034 "4" */
    0x0, 0x0, 0x0, 0x1, 0xe0, 0x0, 0x0, 0x0,
    0xf, 0xf0, 0x0, 0x0, 0x0, 0x1f, 0xf8, 0x0,
    0x0, 0x0, 0x7f, 0xf8, 0x0, 0x0, 0x0, 0xff,
    0xf8, 0x0, 0x0, 0x1, 0xff, 0xf8, 0x0, 0x0,
    0x7, 0xff, 0xf8, 0x0, 0x0, 0xf, 0xff, 0xf0,
    0x0, 0x0, 0x1f, 0xff, 0xf0, 0x0, 0x0, 0x3f,
    0xff, 0xf0, 0x0, 0x0, 0x7f, 0xff, 0xf0, 0x0,
    0x1, 0xff, 0xbf, 0xf0, 0x0, 0x3, 0xff, 0x7f,
    0xe0, 0x0, 0x7, 0xfe, 0x7f, 0xe0, 0x0, 0xf,
    0xfc, 0x7f, 0xe0, 0x0, 0x1f, 0xf8, 0xff, 0xe0,
    0x0, 0x3f, 0xf0, 0xff, 0xe0, 0x0, 0x7f, 0xe0,
    0xff, 0xc0, 0x0, 0xff, 0xc1, 0xff, 0xc0, 0x1,
    0xff, 0x81, 0xff, 0xc0, 0x1, 0xff, 0x1, 0xff,
    0xc0, 0x3, 0xfe, 0x1, 0xff, 0xc0, 0x7, 0xfc,
    0x3, 0xff, 0x80, 0xf, 0xf8, 0x3, 0xff, 0x80,
    0x1f, 0xf0, 0x3, 0xff, 0x80, 0x3f, 0xe0, 0x3,
    0xff, 0x80, 0x3f, 0xc0, 0x7, 0xff, 0x80, 0x7f,
    0x80, 0x7, 0xff, 0x0, 0x7f, 0x80, 0xf, 0xff,
    0x0, 0xff, 0xff, 0xff, 0xff, 0xfe, 0xff, 0xff,
    0xff, 0xff, 0xfe, 0xff, 0xff, 0xff, 0xff, 0xfe,
    0xff, 0xff, 0xff, 0xff, 0xfe, 0xff, 0xff, 0xff,
    0xff, 0xfc, 0xff, 0xff, 0xff, 0xff, 0xf8, 0x7f,
    0xff, 0xff, 0xfe, 0x0, 0x0, 0x0, 0x1f, 0xfe,
    0x0, 0x0, 0x0, 0x1f, 0xfe, 0x0, 0x0, 0x0,
    0x1f, 0xfc, 0x0, 0x0, 0x0, 0x3f, 0xfc, 0x0,
    0x0, 0x0, 0x3f, 0xfc, 0x0, 0x0, 0x0, 0x3f,
    0xfc, 0x0, 0x0, 0x0, 0x3f, 0xfc, 0x0, 0x0,
    0x0, 0x3f, 0xf8, 0x0, 0x0, 0x0, 0x3f, 0xf8,
    0x0, 0x0, 0x0, 0x3f, 0xf8, 0x0, 0x0, 0x0,
    0x3f, 0xf8, 0x0, 0x0, 0x0, 0x3f, 0xf0, 0x0,
    0x0, 0x0, 0x3f, 0xf0, 0x0, 0x0, 0x0, 0x7f,
    0xf0, 0x0, 0x0, 0x0, 0x7f, 0xf0, 0x0, 0x0,
    0x0, 0x3f, 0xf0, 0x0, 0x0, 0x0, 0x3f, 0xe0,
    0x0, 0x0, 0x0, 0x3f, 0xe0, 0x0, 0x0, 0x0,
    0x3f, 0xe0, 0x0, 0x0, 0x0, 0x1f, 0xc0, 0x0,
    0x0, 0x0, 0xf, 0xc0, 0x0, 0x0, 0x0, 0x0,
    0x0, 0x0,

    /* U+0035 "5" */
    0x0, 0x1, 0xff, 0xff, 0xc0, 0x0, 0xff, 0xff,
    0xfc, 0x0, 0x3f, 0xff, 0xff, 0x80, 0xf, 0xff,
    0xff, 0xf0, 0x3, 0xff, 0xff, 0xfc, 0x0, 0x7f,
    0xff, 0xff, 0x80, 0x1f, 0xff, 0xff, 0xe0, 0x3,
    0xff, 0xff, 0xf8, 0x0, 0xff, 0xff, 0xf0, 0x0,
    0x1f, 0xfc, 0x0, 0x0, 0x7, 0xff, 0x80, 0x0,
    0x0, 0xff, 0xe0, 0x0, 0x0, 0x3f, 0xfc, 0x0,
    0x0, 0x7, 0xff, 0x80, 0x0, 0x0, 0xff, 0xe0,
    0x0, 0x0, 0x3f, 0xfc, 0x0, 0x0, 0x7, 0xff,
    0x80, 0x0, 0x0, 0xff, 0xf0, 0x0, 0x0, 0x3f,
    0xfc, 0x0, 0x0, 0x7, 0xff, 0x81, 0x0, 0x0,
    0xff, 0xff, 0xfe, 0x0, 0x1f, 0xff, 0xff, 0xe0,
    0x3, 0xff, 0xff, 0xff, 0x0, 0x7f, 0xff, 0xff,
    0xf0, 0x7, 0xff, 0xff, 0xfe, 0x0, 0xff, 0xe1,
    0xff, 0xe0, 0xf, 0xe0, 0xf, 0xfc, 0x0, 0xe0,
    0x0, 0xff, 0xc0, 0x0, 0x0, 0xf, 0xf8, 0x0,
    0x0, 0x1, 0xff, 0x0, 0x0, 0x0, 0x3f, 0xe0,
    0x0, 0x0, 0x7, 0xfe, 0x0, 0x0, 0x0, 0xff,
    0xc0, 0x0, 0x0, 0x1f, 0xf8, 0x0, 0x0, 0x7,
    0xff, 0x0, 0x0, 0x0, 0xff, 0xc0, 0x0, 0x0,
    0x1f, 0xf8, 0x0, 0x0, 0x7, 0xff, 0x0, 0x0,
    0x1, 0xff, 0xe0, 0x0, 0x0, 0x3f, 0xf8, 0x38,
    0x0, 0xf, 0xff, 0xf, 0x0, 0x3, 0xff, 0xe3,
    0xf0, 0x0, 0xff, 0xf8, 0x7e, 0x0, 0x7f, 0xfe,
    0xf, 0xc0, 0x1f, 0xff, 0xc1, 0xfc, 0xf, 0xff,
    0xf0, 0x3f, 0xff, 0xff, 0xfc, 0x7, 0xff, 0xff,
    0xff, 0x0, 0x7f, 0xff, 0xff, 0xc0, 0xf, 0xff,
    0xff, 0xf0, 0x0, 0xff, 0xff, 0xf8, 0x0, 0x1f,
    0xff, 0xfe, 0x0, 0x0, 0xff, 0xff, 0x0, 0x0,
    0xf, 0xff, 0x0, 0x0, 0x0, 0x3e, 0x0, 0x0,
    0x0,

    /* U+0036 "6" */
    0x0, 0x0, 0x0, 0xff, 0xc0, 0x0, 0x0, 0x7,
    0xff, 0xf0, 0x0, 0x0, 0x3f, 0xff, 0xfc, 0x0,
    0x0, 0x7f, 0xff, 0xfc, 0x0, 0x1, 0xff, 0xff,
    0xfe, 0x0, 0x3, 0xff, 0xff, 0xfe, 0x0, 0x7,
    0xff, 0xff, 0xff, 0x0, 0xf, 0xff, 0xff, 0xff,
    0x0, 0x3f, 0xff, 0xe0, 0x6, 0x0, 0x3f, 0xff,
    0x80, 0x0, 0x0, 0x7f, 0xfe, 0x0, 0x0, 0x0,
    0xff, 0xf8, 0x0, 0x0, 0x1, 0xff, 0xf0, 0x0,
    0x0, 0x3, 0xff, 0xe0, 0x0, 0x0, 0x3, 0xff,
    0xc0, 0x0, 0x0, 0x7, 0xff, 0x80, 0x0, 0x0,
    0x7, 0xff, 0x80, 0x0, 0x0, 0xf, 0xff, 0x0,
    0x0, 0x0, 0xf, 0xff, 0x0, 0x0, 0x0, 0x1f,
    0xfe, 0xe, 0x0, 0x0, 0x1f, 0xfe, 0xff, 0xf0,
    0x0, 0x3f, 0xff, 0xff, 0xfc, 0x0, 0x3f, 0xff,
    0xff, 0xfe, 0x0, 0x3f, 0xff, 0xff, 0xff, 0x0,
    0x7f, 0xff, 0xff, 0xff, 0x80, 0x7f, 0xff, 0x83,
    0xff, 0xc0, 0x7f, 0xfe, 0x1, 0xff, 0xc0, 0x7f,
    0xfc, 0x0, 0xff, 0xe0, 0xff, 0xf8, 0x0, 0x7f,
    0xe0, 0xff, 0xf8, 0x0, 0x7f, 0xe0, 0xff, 0xf8,
    0x0, 0x3f, 0xf0, 0xff, 0xf0, 0x0, 0x3f, 0xf0,
    0xff, 0xf0, 0x0, 0x3f, 0xf0, 0xff, 0xf0, 0x0,
    0x3f, 0xf0, 0xff, 0xf0, 0x0, 0x3f, 0xf0, 0xff,
    0xf0, 0x0, 0x3f, 0xf0, 0x7f, 0xf0, 0x0, 0x3f,
    0xf0, 0x7f, 0xf0, 0x0, 0x7f, 0xf0, 0x7f, 0xf0,
    0x0, 0x7f, 0xe0, 0x7f, 0xf0, 0x0, 0x7f, 0xe0,
    0x7f, 0xf8, 0x0, 0xff, 0xc0, 0x3f, 0xf8, 0x1,
    0xff, 0xc0, 0x3f, 0xfc, 0x3, 0xff, 0x80, 0x1f,
    0xfe, 0x7, 0xff, 0x80, 0x1f, 0xff, 0xff, 0xff,
    0x0, 0xf, 0xff, 0xff, 0xfe, 0x0, 0x7, 0xff,
    0xff, 0xfc, 0x0, 0x3, 0xff, 0xff, 0xf8, 0x0,
    0x1, 0xff, 0xff, 0xf0, 0x0, 0x0, 0xff, 0xff,
    0xc0, 0x0, 0x0, 0x3f, 0xff, 0x0, 0x0, 0x0,
    0xf, 0xf0, 0x0, 0x0,

    /* U+0037 "7" */
    0x0, 0xff, 0xfc, 0x0, 0x0, 0x7f, 0xff, 0xff,
    0xfe, 0x1f, 0xff, 0xff, 0xff, 0xf3, 0xff, 0xff,
    0xff, 0xff, 0x7f, 0xff, 0xff, 0xff, 0xf7, 0xff,
    0xff, 0xff, 0xff, 0xff, 0xff, 0xff, 0xff, 0xef,
    0xc0, 0x0, 0x1f, 0xfe, 0xf0, 0x0, 0x1, 0xff,
    0xcc, 0x0, 0x0, 0x3f, 0xf8, 0x0, 0x0, 0x7,
    0xff, 0x80, 0x0, 0x0, 0xff, 0xf0, 0x0, 0x0,
    0xf, 0xfe, 0x0, 0x0, 0x1, 0xff, 0xe0, 0x0,
    0x0, 0x3f, 0xfc, 0x0, 0x0, 0x7, 0xff, 0x80,
    0x0, 0x0, 0xff, 0xf0, 0x0, 0x0, 0xf, 0xfe,
    0x0, 0x0, 0x1, 0xff, 0xc0, 0x0, 0x0, 0x3f,
    0xf8, 0x0, 0x0, 0x7, 0xff, 0x80, 0x0, 0x0,
    0xff, 0xf0, 0x0, 0x0, 0xf, 0xfe, 0x0, 0x0,
    0x1, 0xff, 0xc0, 0x0, 0x0, 0x3f, 0xfc, 0x0,
    0x0, 0x7, 0xff, 0x80, 0x0, 0x0, 0x7f, 0xf8,
    0x0, 0x0, 0xf, 0xff, 0x0, 0x0, 0x0, 0xff,
    0xe0, 0x0, 0x0, 0x1f, 0xfe, 0x0, 0x0, 0x3,
    0xff, 0xc0, 0x0, 0x0, 0x3f, 0xfc, 0x0, 0x0,
    0x7, 0xff, 0x80, 0x0, 0x0, 0x7f, 0xf8, 0x0,
    0x0, 0xf, 0xff, 0x0, 0x0, 0x0, 0xff, 0xf0,
    0x0, 0x0, 0x1f, 0xff, 0x0, 0x0, 0x1, 0xff,
    0xe0, 0x0, 0x0, 0x1f, 0xfe, 0x0, 0x0, 0x3,
    0xff, 0xe0, 0x0, 0x0, 0x3f, 0xfc, 0x0, 0x0,
    0x3, 0xff, 0xc0, 0x0, 0x0, 0x7f, 0xfc, 0x0,
    0x0, 0x7, 0xff, 0x80, 0x0, 0x0, 0x7f, 0xf8,
    0x0, 0x0, 0x7, 0xff, 0x80, 0x0, 0x0, 0x7f,
    0xf8, 0x0, 0x0, 0x7, 0xff, 0x80, 0x0, 0x0,
    0x7f, 0xf0, 0x0, 0x0, 0x7, 0xff, 0x0, 0x0,
    0x0, 0x3f, 0xe0, 0x0, 0x0, 0x1, 0xfe, 0x0,
    0x0, 0x0, 0x7, 0x80, 0x0, 0x0, 0x0,

    /* U+0038 "8" */
    0x0, 0x0, 0x0, 0x0, 0x0, 0x0, 0x0, 0x7f,
    0x0, 0x0, 0x0, 0xf, 0xff, 0x80, 0x0, 0x0,
    0xff, 0xff, 0x80, 0x0, 0x7, 0xff, 0xff, 0x0,
    0x0, 0x7f, 0xff, 0xfe, 0x0, 0x1, 0xfe, 0x3,
    0xfc, 0x0, 0xf, 0xf0, 0x3, 0xf8, 0x0, 0x7f,
    0x80, 0xf, 0xf0, 0x1, 0xfe, 0x0, 0x1f, 0xc0,
    0xf, 0xf0, 0x0, 0x7f, 0x80, 0x3f, 0xc0, 0x1,
    0xfe, 0x0, 0xff, 0x0, 0x7, 0xfc, 0x7, 0xfc,
    0x0, 0x1f, 0xf0, 0x1f, 0xf8, 0x0, 0xff, 0xc0,
    0x7f, 0xe0, 0x3, 0xff, 0x1, 0xff, 0xc0, 0x1f,
    0xfc, 0x3, 0xff, 0x0, 0xff, 0xf0, 0xf, 0xfe,
    0x7, 0xff, 0xc0, 0x3f, 0xfc, 0x3f, 0xfe, 0x0,
    0xff, 0xfb, 0xff, 0xf8, 0x1, 0xff, 0xff, 0xff,
    0xc0, 0x7, 0xff, 0xff, 0xff, 0x0, 0xf, 0xff,
    0xff, 0xf8, 0x0, 0x1f, 0xff, 0xff, 0xc0, 0x0,
    0x3f, 0xff, 0xfe, 0x0, 0x0, 0xff, 0xff, 0xf0,
    0x0, 0x7, 0xff, 0xff, 0x80, 0x0, 0x3f, 0xff,
    0xfc, 0x0, 0x3, 0xff, 0xff, 0xf0, 0x0, 0x1f,
    0xff, 0xff, 0xe0, 0x1, 0xff, 0xff, 0xff, 0x80,
    0xf, 0xff, 0xff, 0xff, 0x0, 0x3f, 0xff, 0xff,
    0xfe, 0x1, 0xff, 0xff, 0xff, 0xf8, 0xf, 0xff,
    0xf0, 0xff, 0xf0, 0x7f, 0xff, 0x81, 0xff, 0xe1,
    0xff, 0xf8, 0x7, 0xff, 0x87, 0xff, 0xe0, 0xf,
    0xfe, 0x3f, 0xff, 0x0, 0x1f, 0xfc, 0xff, 0xf8,
    0x0, 0x7f, 0xf3, 0xff, 0xe0, 0x1, 0xff, 0xcf,
    0xff, 0x0, 0x3, 0xff, 0x3f, 0xfc, 0x0, 0xf,
    0xfc, 0xff, 0xf0, 0x0, 0x3f, 0xf3, 0xff, 0xc0,
    0x0, 0xff, 0xc7, 0xff, 0x0, 0x7, 0xfe, 0x1f,
    0xfc, 0x0, 0x1f, 0xf8, 0x3f, 0xf8, 0x0, 0xff,
    0xc0, 0x7f, 0xf0, 0x7, 0xff, 0x1, 0xff, 0xf0,
    0x3f, 0xf8, 0x3, 0xff, 0xff, 0xff, 0xc0, 0x7,
    0xff, 0xff, 0xfe, 0x0, 0x7, 0xff, 0xff, 0xf0,
    0x0, 0xf, 0xff, 0xff, 0x0, 0x0, 0xf, 0xff,
    0xf0, 0x0, 0x0, 0x7, 0xfe, 0x0, 0x0, 0x0,
    0x0, 0x0, 0x0, 0x0,

    /* U+0039 "9" */
    0x0, 0x7, 0xf0, 0x0, 0x0, 0x7, 0xff, 0xc0,
    0x0, 0x1, 0xff, 0xfe, 0x0, 0x0, 0x7f, 0xff,
    0xe0, 0x0, 0x1f, 0xff, 0xff, 0x0, 0x7, 0xff,
    0xff, 0xe0, 0x1, 0xff, 0xff, 0xfe, 0x0, 0x7f,
    0xfc, 0x3f, 0xe0, 0xf, 0xfe, 0x3, 0xfe, 0x3,
    0xff, 0xc0, 0x3f, 0xc0, 0x7f, 0xf0, 0x7, 0xfc,
    0xf, 0xfc, 0x0, 0xff, 0x83, 0xff, 0x80, 0xf,
    0xf8, 0x7f, 0xe0, 0x1, 0xff, 0xf, 0xfc, 0x0,
    0x3f, 0xf3, 0xff, 0x80, 0x7, 0xfe, 0x7f, 0xe0,
    0x0, 0xff, 0xcf, 0xfc, 0x0, 0x1f, 0xf9, 0xff,
    0x80, 0x3, 0xff, 0xbf, 0xf0, 0x0, 0x7f, 0xf7,
    0xfe, 0x0, 0xf, 0xfe, 0xff, 0xc0, 0x1, 0xff,
    0xdf, 0xf8, 0x0, 0x3f, 0xfb, 0xff, 0x0, 0x7,
    0xff, 0x7f, 0xe0, 0x0, 0xff, 0xef, 0xfe, 0x0,
    0x3f, 0xfd, 0xff, 0xc0, 0x7, 0xff, 0x9f, 0xfc,
    0x0, 0xff, 0xf3, 0xff, 0xc0, 0xff, 0xfe, 0x3f,
    0xff, 0xff, 0xff, 0xc3, 0xff, 0xff, 0xff, 0xf8,
    0x7f, 0xff, 0xff, 0xff, 0x7, 0xff, 0xff, 0xff,
    0xc0, 0x3f, 0xff, 0xff, 0xf8, 0x3, 0xff, 0xef,
    0xff, 0x0, 0xf, 0xf3, 0xff, 0xe0, 0x0, 0x0,
    0x7f, 0xf8, 0x0, 0x0, 0xf, 0xff, 0x0, 0x0,
    0x1, 0xff, 0xe0, 0x0, 0x0, 0x7f, 0xf8, 0x0,
    0x0, 0xf, 0xff, 0x0, 0x0, 0x1, 0xff, 0xc0,
    0x0, 0x0, 0x7f, 0xf8, 0x0, 0x0, 0xf, 0xfe,
    0x6, 0x0, 0x3, 0xff, 0xc1, 0xe0, 0x0, 0xff,
    0xf0, 0x3e, 0x0, 0x1f, 0xfe, 0x7, 0xf0, 0x7,
    0xff, 0x80, 0xff, 0x83, 0xff, 0xe0, 0x1f, 0xff,
    0xff, 0xf8, 0x1, 0xff, 0xff, 0xfe, 0x0, 0x3f,
    0xff, 0xff, 0x80, 0x3, 0xff, 0xff, 0xe0, 0x0,
    0x3f, 0xff, 0xf8, 0x0, 0x3, 0xff, 0xfe, 0x0,
    0x0, 0x1f, 0xff, 0x0, 0x0, 0x0, 0x7f, 0x0,
    0x0, 0x0,

    /* U+0041 "A" */
    0x0, 0x0, 0x0, 0x0, 0x0, 0x0, 0x1f, 0xc0,
    0x0, 0x0, 0x0, 0x0, 0x0, 0x7, 0xff, 0x80,
    0x0, 0x0, 0x0, 0x0, 0x1, 0xff, 0xfe, 0x0,
    0x0, 0x0, 0x0, 0x0, 0x3f, 0xff, 0xf0, 0x0,
    0x0, 0x0, 0x0, 0x7, 0xff, 0xff, 0x80, 0x0,
    0x0, 0x0, 0x0, 0x7f, 0xff, 0xfc, 0x0, 0x0,
    0x0, 0x0, 0x7, 0xff, 0xff, 0xe0, 0x0, 0x0,
    0x0, 0x0, 0x7f, 0x87, 0xff, 0x0, 0x0, 0x0,
    0x0, 0x3, 0xe0, 0x7f, 0xf8, 0x0, 0x0, 0x0,
    0x0, 0x1c, 0x7, 0xff, 0x80, 0x0, 0x0, 0x0,
    0x0, 0x0, 0x7f, 0xfc, 0x0, 0x0, 0x0, 0x0,
    0x0, 0x7, 0xff, 0xe0, 0x0, 0x0, 0x0, 0x0,
    0x0, 0x7f, 0xff, 0x0, 0x0, 0x0, 0x0, 0x0,
    0x7, 0xff, 0xf8, 0x0, 0x0, 0x0, 0x0, 0x0,
    0x7f, 0xff, 0x80, 0x0, 0x0, 0x0, 0x0, 0x7,
    0xff, 0xfc, 0x0, 0x0, 0x0, 0x0, 0x0, 0x7f,
    0xff, 0xe0, 0x0, 0x0, 0x0, 0x0, 0x7, 0xff,
    0xff, 0x0, 0x0, 0x0, 0x0, 0x0, 0x7f, 0xbf,
    0xf0, 0x0, 0x0, 0x0, 0x0, 0x7, 0xf9, 0xff,
    0x80, 0x0, 0x0, 0x0, 0x0, 0x7f, 0xdf, 0xfc,
    0x0, 0x0, 0x0, 0x0, 0x7, 0xfc, 0xff, 0xe0,
    0x0, 0x0, 0x0, 0x0, 0x7f, 0xc7, 0xff, 0x0,
    0x0, 0x0, 0x0, 0x7, 0xfc, 0x3f, 0xf0, 0x0,
    0x0, 0x0, 0x0, 0x7f, 0xc3, 0xff, 0x80, 0x0,
    0x0, 0x0, 0x7, 0xfc, 0x1f, 0xfc, 0x0, 0x0,
    0x0, 0x0, 0x7f, 0xc0, 0xff, 0xe0, 0x0, 0x0,
    0x0, 0x7, 0xfc, 0xf, 0xff, 0x0, 0x0, 0x0,
    0x0, 0x7f, 0xc0, 0x7f, 0xf0, 0x0, 0x0, 0x0,
    0x7, 0xfc, 0x3, 0xff, 0x80, 0x0, 0x0, 0x0,
    0x7f, 0xc0, 0x1f, 0xfc, 0x0, 0x0, 0x0, 0x7,
    0xfe, 0x1, 0xff, 0xe0, 0x0, 0x0, 0x0, 0x7f,
    0xe0, 0xf, 0xfe, 0x0, 0x0, 0x3, 0x7, 0xfe,
    0x0, 0x7f, 0xf0, 0x0, 0x0, 0x38, 0x7f, 0xe0,
    0x3, 0xff, 0x80, 0x0, 0x1, 0xff, 0xfe, 0x0,
    0x3f, 0xfc, 0x0, 0x0, 0xf, 0xff, 0xff, 0xff,
    0xff, 0xe0, 0x0, 0x0, 0x7f, 0xff, 0xff, 0xff,
    0xfe, 0x0, 0x0, 0x3, 0xff, 0xff, 0xff, 0xff,
    0xf0, 0x0, 0x0, 0xf, 0xff, 0xff, 0xff, 0xff,
    0x80, 0x0, 0x0, 0x3f, 0xff, 0xff, 0xff, 0xfc,
    0x0, 0x0, 0x3, 0xff, 0xff, 0xff, 0xff, 0xe0,
    0x0, 0x0, 0x3f, 0xf0, 0x0, 0x7, 0xff, 0x0,
    0x0, 0x3, 0xff, 0x0, 0x0, 0x3f, 0xf0, 0x0,
    0x0, 0x3f, 0xf0, 0x0, 0x1, 0xff, 0x80, 0x0,
    0x1, 0xff, 0x80, 0x0, 0xf, 0xfc, 0x0, 0x0,
    0x1f, 0xf8, 0x0, 0x0, 0x7f, 0xe0, 0x0, 0x1,
    0xff, 0x80, 0x0, 0x3, 0xff, 0x0, 0x0, 0x1f,
    0xf8, 0x0, 0x0, 0x1f, 0xf8, 0x0, 0x1, 0xff,
    0x80, 0x0, 0x0, 0xff, 0xc0, 0x0, 0x1f, 0xf8,
    0x0, 0x0, 0x7, 0xfe, 0x0, 0x1, 0xff, 0x80,
    0x0, 0x0, 0x3f, 0xf0, 0xc, 0x1f, 0xf8, 0x0,
    0x0, 0x1, 0xff, 0xfc, 0x7f, 0xff, 0x80, 0x0,
    0x0, 0xf, 0xff, 0xf3, 0xff, 0xf8, 0x0, 0x0,
    0x0, 0x3f, 0xff, 0x1f, 0xff, 0x0, 0x0, 0x0,
    0x1, 0xff, 0xf8, 0x7f, 0xf0, 0x0, 0x0, 0x0,
    0x7, 0xff, 0x81, 0xfe, 0x0, 0x0, 0x0, 0x0,
    0x1f, 0xe0, 0x3, 0xc0, 0x0, 0x0, 0x0, 0x0,
    0x3c, 0x0,

    /* U+0042 "B" */
    0x0, 0x0, 0x7, 0x0, 0x0, 0x0, 0x0, 0x0,
    0x0, 0xf8, 0x0, 0x0, 0x0, 0x0, 0x0, 0x3f,
    0xff, 0xf8, 0x0, 0x0, 0x0, 0x1f, 0xff, 0xff,
    0xf0, 0x0, 0x0, 0xf, 0xff, 0xff, 0xff, 0xc0,
    0x0, 0x3, 0xff, 0xff, 0xff, 0xff, 0x0, 0x0,
    0xff, 0xff, 0xff, 0xff, 0xf8, 0x0, 0x3f, 0xff,
    0xff, 0xff, 0xff, 0xc0, 0x7, 0xff, 0xff, 0xff,
    0xff, 0xfe, 0x0, 0xff, 0xff, 0xf0, 0x7, 0xff,
    0xf0, 0x1f, 0xfb, 0xff, 0x0, 0xf, 0xff, 0x1,
    0xfc, 0x7f, 0xf0, 0x0, 0x7f, 0xf0, 0x1e, 0x7,
    0xfe, 0x0, 0x3, 0xff, 0x80, 0x0, 0xff, 0xe0,
    0x0, 0x3f, 0xf8, 0x0, 0xf, 0xfc, 0x0, 0x3,
    0xff, 0x80, 0x1, 0xff, 0xc0, 0x0, 0x3f, 0xf8,
    0x0, 0x1f, 0xf8, 0x0, 0x3, 0xff, 0x0, 0x3,
    0xff, 0x80, 0x0, 0x7f, 0xf0, 0x0, 0x3f, 0xf8,
    0x0, 0xf, 0xfe, 0x0, 0x7, 0xff, 0x0, 0x1,
    0xff, 0xe0, 0x0, 0x7f, 0xf0, 0x0, 0x3f, 0xfc,
    0x0, 0xf, 0xfe, 0x0, 0x7, 0xff, 0x80, 0x0,
    0xff, 0xe0, 0x1, 0xff, 0xf0, 0x0, 0x1f, 0xfc,
    0x0, 0x7f, 0xfe, 0x0, 0x1, 0xff, 0xc0, 0x3f,
    0xff, 0xc0, 0x0, 0x3f, 0xf8, 0x1f, 0xff, 0xf0,
    0x0, 0x3, 0xff, 0x8f, 0xff, 0xfe, 0x0, 0x0,
    0x3f, 0xff, 0xff, 0xff, 0xfc, 0x0, 0x7, 0xff,
    0xff, 0xff, 0xff, 0xf0, 0x0, 0x7f, 0xff, 0xff,
    0xff, 0xff, 0xc0, 0xf, 0xff, 0xff, 0xff, 0xff,
    0xfe, 0x0, 0xff, 0xff, 0xff, 0xff, 0xff, 0xf0,
    0xf, 0xff, 0xff, 0xff, 0xff, 0xff, 0x81, 0xff,
    0xff, 0xf8, 0x0, 0x7f, 0xf8, 0x1f, 0xff, 0xf0,
    0x0, 0x1, 0xff, 0xc1, 0xff, 0xf0, 0x0, 0x0,
    0x1f, 0xfe, 0x1f, 0xfe, 0x0, 0x0, 0x0, 0xff,
    0xe3, 0xff, 0xc0, 0x0, 0x0, 0xf, 0xfe, 0x3f,
    0xf8, 0x0, 0x0, 0x0, 0xff, 0xe3, 0xff, 0x80,
    0x0, 0x0, 0x1f, 0xfe, 0x7f, 0xf8, 0x0, 0x0,
    0x1, 0xff, 0xe7, 0xff, 0x0, 0x1f, 0x80, 0x3f,
    0xfe, 0x7f, 0xf0, 0x7, 0xf8, 0x3, 0xff, 0xe7,
    0xff, 0x1, 0xfe, 0x0, 0x7f, 0xfe, 0xff, 0xf0,
    0x7f, 0xc0, 0xf, 0xff, 0xef, 0xfe, 0xf, 0xf0,
    0x1, 0xff, 0xfc, 0xff, 0xe1, 0xfe, 0x0, 0x3f,
    0xff, 0xcf, 0xfc, 0x3f, 0xc0, 0xf, 0xff, 0xf8,
    0xff, 0xc7, 0xf8, 0x1, 0xff, 0xff, 0xf, 0xfc,
    0x7f, 0x0, 0x7f, 0xff, 0xf0, 0xff, 0x8f, 0xf0,
    0x1f, 0xff, 0xfe, 0xf, 0xf8, 0xff, 0xf, 0xff,
    0xff, 0xc0, 0xff, 0x8f, 0xff, 0xff, 0xff, 0xf0,
    0xf, 0xf0, 0xff, 0xff, 0xff, 0xfe, 0x0, 0x7f,
    0x7, 0xff, 0xff, 0xff, 0xc0, 0x3, 0xe0, 0x7f,
    0xff, 0xff, 0xf0, 0x0, 0x0, 0x3, 0xff, 0xff,
    0xfc, 0x0, 0x0, 0x0, 0x1f, 0xff, 0xff, 0x0,
    0x0, 0x0, 0x0, 0x7f, 0xff, 0x80, 0x0, 0x0,
    0x0, 0x1, 0xff, 0x80, 0x0, 0x0,

    /* U+0043 "C" */
    0x0, 0x0, 0x0, 0x1, 0xff, 0x80, 0x0, 0x0,
    0x0, 0x3, 0xff, 0xfc, 0x0, 0x0, 0x0, 0x3,
    0xff, 0xff, 0xe0, 0x0, 0x0, 0x1, 0xff, 0xff,
    0xff, 0x0, 0x0, 0x0, 0xff, 0xff, 0xff, 0xf0,
    0x0, 0x0, 0x7f, 0xff, 0xff, 0xfe, 0x0, 0x0,
    0x1f, 0xff, 0xff, 0xff, 0xe0, 0x0, 0xf, 0xff,
    0xff, 0xff, 0xfc, 0x0, 0x3, 0xff, 0xff, 0xc3,
    0xff, 0xc0, 0x0, 0xff, 0xff, 0xc0, 0x1f, 0xf8,
    0x0, 0x3f, 0xff, 0xe0, 0x1, 0xff, 0x0, 0xf,
    0xff, 0xf0, 0x0, 0x3f, 0xe0, 0x3, 0xff, 0xfc,
    0x0, 0x3, 0xfc, 0x0, 0xff, 0xff, 0x0, 0x0,
    0x7f, 0x80, 0x3f, 0xff, 0x80, 0x0, 0xf, 0xf0,
    0x7, 0xff, 0xe0, 0x0, 0x1, 0xfe, 0x1, 0xff,
    0xf8, 0x0, 0x0, 0x3f, 0x80, 0x7f, 0xff, 0x0,
    0x0, 0xf, 0xf0, 0xf, 0xff, 0xc0, 0x0, 0x1,
    0xfc, 0x3, 0xff, 0xf0, 0x0, 0x0, 0x7f, 0x80,
    0x7f, 0xfc, 0x0, 0x0, 0x1f, 0xe0, 0x1f, 0xff,
    0x80, 0x18, 0x7, 0xf8, 0x3, 0xff, 0xe0, 0x3,
    0xff, 0xfe, 0x0, 0xff, 0xf8, 0x0, 0x7f, 0xff,
    0x0, 0x1f, 0xff, 0x0, 0x7, 0xff, 0x80, 0x7,
    0xff, 0xc0, 0x0, 0x3f, 0xc0, 0x0, 0xff, 0xf8,
    0x0, 0x0, 0x0, 0x0, 0x1f, 0xff, 0x0, 0x0,
    0x0, 0x0, 0x7, 0xff, 0xc0, 0x0, 0x0, 0x0,
    0x0, 0xff, 0xf8, 0x0, 0x0, 0x0, 0x0, 0x1f,
    0xfe, 0x0, 0x0, 0x0, 0x0, 0x3, 0xff, 0xc0,
    0x0, 0x0, 0x0, 0x0, 0xff, 0xf8, 0x0, 0x0,
    0x0, 0x0, 0x1f, 0xff, 0x0, 0x0, 0x0, 0x0,
    0x3, 0xff, 0xc0, 0x0, 0x0, 0x0, 0x0, 0x7f,
    0xf8, 0x0, 0x0, 0x0, 0x0, 0xf, 0xff, 0x0,
    0x0, 0x0, 0x0, 0x1, 0xff, 0xe0, 0x0, 0x0,
    0x0, 0x0, 0x3f, 0xfc, 0x0, 0x0, 0x0, 0x0,
    0x7, 0xff, 0x80, 0x0, 0x0, 0x0, 0x0, 0xff,
    0xf0, 0x0, 0x0, 0x0, 0x20, 0x1f, 0xfe, 0x0,
    0x0, 0x0, 0x1c, 0x3, 0xff, 0xc0, 0x0, 0x0,
    0x7, 0x80, 0x7f, 0xf8, 0x0, 0x0, 0x1, 0xf0,
    0x7, 0xff, 0x0, 0x0, 0x0, 0x7c, 0x0, 0xff,
    0xe0, 0x0, 0x0, 0x1f, 0x0, 0x1f, 0xfe, 0x0,
    0x0, 0x7, 0xe0, 0x3, 0xff, 0xc0, 0x0, 0x1,
    0xf8, 0x0, 0x3f, 0xf8, 0x0, 0x0, 0x7e, 0x0,
    0x7, 0xff, 0x80, 0x0, 0x3f, 0x80, 0x0, 0x7f,
    0xf8, 0x0, 0xf, 0xf0, 0x0, 0xf, 0xff, 0x80,
    0x7, 0xfc, 0x0, 0x0, 0xff, 0xfe, 0x7, 0xff,
    0x0, 0x0, 0xf, 0xff, 0xff, 0xff, 0x80, 0x0,
    0x1, 0xff, 0xff, 0xff, 0xe0, 0x0, 0x0, 0x1f,
    0xff, 0xff, 0xf8, 0x0, 0x0, 0x0, 0xff, 0xff,
    0xfc, 0x0, 0x0, 0x0, 0xf, 0xff, 0xff, 0x0,
    0x0, 0x0, 0x0, 0x7f, 0xff, 0x80, 0x0, 0x0,
    0x0, 0x3, 0xff, 0x80, 0x0, 0x0, 0x0, 0x0,
    0x0, 0x0, 0x0, 0x0, 0x0,

    /* U+0044 "D" */
    0x0, 0x0, 0x0, 0x0, 0x0, 0x0, 0x0, 0x0,
    0xf, 0x0, 0x0, 0x0, 0x0, 0x0, 0x1f, 0xc0,
    0x0, 0x0, 0x0, 0x0, 0xf, 0xe0, 0x0, 0x0,
    0x0, 0x0, 0xf, 0xf0, 0x0, 0x0, 0x0, 0x0,
    0xf, 0xff, 0x80, 0x0, 0x0, 0x0, 0xf, 0xff,
    0xfc, 0x0, 0x0, 0x0, 0xf, 0xff, 0xff, 0x80,
    0x0, 0x0, 0x3f, 0xff, 0xff, 0xf0, 0x0, 0x0,
    0x7f, 0xff, 0xff, 0xfe, 0x0, 0x0, 0xff, 0xff,
    0xff, 0xff, 0x80, 0x1, 0xff, 0xff, 0xff, 0xff,
    0xf0, 0x1, 0xff, 0xff, 0xc1, 0xff, 0xfc, 0x1,
    0xff, 0xff, 0xe0, 0x3f, 0xff, 0x1, 0xfc, 0xff,
    0xf0, 0x7, 0xff, 0x81, 0xf8, 0x7f, 0xf0, 0x1,
    0xff, 0xe0, 0xf0, 0x3f, 0xf8, 0x0, 0x7f, 0xf8,
    0x20, 0x1f, 0xfc, 0x0, 0x1f, 0xfc, 0x0, 0x1f,
    0xfc, 0x0, 0x7, 0xff, 0x0, 0xf, 0xfe, 0x0,
    0x3, 0xff, 0x80, 0x7, 0xff, 0x0, 0x0, 0xff,
    0xe0, 0x7, 0xff, 0x0, 0x0, 0x7f, 0xf0, 0x3,
    0xff, 0x80, 0x0, 0x3f, 0xfc, 0x1, 0xff, 0xc0,
    0x0, 0xf, 0xfe, 0x1, 0xff, 0xc0, 0x0, 0x7,
    0xff, 0x0, 0xff, 0xe0, 0x0, 0x3, 0xff, 0x80,
    0x7f, 0xf0, 0x0, 0x1, 0xff, 0xc0, 0x7f, 0xf8,
    0x0, 0x0, 0xff, 0xf0, 0x3f, 0xf8, 0x0, 0x0,
    0x7f, 0xf8, 0x1f, 0xfc, 0x0, 0x0, 0x3f, 0xfc,
    0x1f, 0xfe, 0x0, 0x0, 0x1f, 0xfe, 0xf, 0xfe,
    0x0, 0x0, 0x1f, 0xff, 0x7, 0xff, 0x0, 0x0,
    0xf, 0xff, 0x87, 0xff, 0x80, 0x0, 0x7, 0xff,
    0x83, 0xff, 0x80, 0x0, 0x7, 0xff, 0xc1, 0xff,
    0xc0, 0x0, 0x3, 0xff, 0xe0, 0xff, 0xe0, 0x0,
    0x3, 0xff, 0xf0, 0xff, 0xe0, 0x0, 0x1, 0xff,
    0xf8, 0x7f, 0xf0, 0x0, 0x1, 0xff, 0xfc, 0x3f,
    0xf8, 0x1, 0x0, 0xff, 0xfc, 0x3f, 0xfc, 0x7,
    0xc0, 0xff, 0xfe, 0x1f, 0xfc, 0xf, 0xc0, 0x7f,
    0xff, 0xf, 0xfe, 0x1f, 0xc0, 0x7f, 0xff, 0x7,
    0xff, 0x1f, 0xc0, 0x7f, 0xff, 0x83, 0xff, 0x1f,
    0xc0, 0x7f, 0xff, 0x83, 0xff, 0x9f, 0xc0, 0x7f,
    0xff, 0xc1, 0xff, 0xcf, 0xc0, 0x3f, 0xff, 0xc0,
    0xff, 0xcf, 0xe0, 0x3f, 0xff, 0xe0, 0x7f, 0xe7,
    0xe0, 0x3f, 0xff, 0xe0, 0x3f, 0xf7, 0xf0, 0x7f,
    0xff, 0xe0, 0x3f, 0xfb, 0xf8, 0x7f, 0xff, 0xe0,
    0x1f, 0xfd, 0xf8, 0xff, 0xff, 0xf0, 0xf, 0xfc,
    0xff, 0xff, 0xff, 0xe0, 0x7, 0xfe, 0x7f, 0xff,
    0xff, 0xe0, 0x3, 0xff, 0x3f, 0xff, 0xff, 0xe0,
    0x0, 0xff, 0xf, 0xff, 0xff, 0xe0, 0x0, 0x7f,
    0x87, 0xff, 0xff, 0xc0, 0x0, 0x1f, 0x81, 0xff,
    0xff, 0x80, 0x0, 0x7, 0x80, 0x7f, 0xff, 0x0,
    0x0, 0x0, 0x0, 0x1f, 0xfe, 0x0, 0x0, 0x0,
    0x0, 0x3, 0xf0, 0x0, 0x0, 0x0,

    /* U+0045 "E" */
    0x0, 0x0, 0x0, 0x3, 0xff, 0xc0, 0x0, 0x0,
    0x0, 0x0, 0xff, 0xff, 0xf0, 0x0, 0x0, 0x0,
    0x1f, 0xff, 0xff, 0xf0, 0x0, 0x0, 0x1, 0xff,
    0xff, 0xff, 0xf0, 0x0, 0x0, 0x1f, 0xff, 0xff,
    0xff, 0xe0, 0x0, 0x0, 0xff, 0xff, 0xff, 0xff,
    0xc0, 0x0, 0x7, 0xff, 0xff, 0xff, 0xff, 0x80,
    0x0, 0x7f, 0xff, 0xff, 0xff, 0xfe, 0x0, 0x3,
    0xff, 0xff, 0xf0, 0x7, 0xf8, 0x0, 0xf, 0xff,
    0xfc, 0x0, 0xf, 0xe0, 0x0, 0x7f, 0xff, 0x80,
    0x0, 0x3f, 0x0, 0x3, 0xff, 0xfc, 0x0, 0x0,
    0xfc, 0x0, 0xf, 0xff, 0xc0, 0x0, 0x7, 0xe0,
    0x0, 0x7f, 0xfe, 0x0, 0x0, 0x7f, 0x0, 0x1,
    0xff, 0xf0, 0x0, 0x1, 0xf0, 0x0, 0xf, 0xff,
    0x80, 0x0, 0x7, 0x0, 0x0, 0x3f, 0xfc, 0x0,
    0x0, 0x0, 0x0, 0x0, 0xff, 0xf0, 0x0, 0x0,
    0x0, 0x0, 0x3, 0xff, 0xc0, 0x0, 0x0, 0x0,
    0x0, 0xf, 0xff, 0x0, 0x0, 0x0, 0x0, 0x0,
    0x3f, 0xfe, 0x0, 0x0, 0x0, 0x0, 0x0, 0xff,
    0xfc, 0x0, 0x0, 0x0, 0x0, 0x1, 0xff, 0xfe,
    0x0, 0x0, 0x0, 0x0, 0x7, 0xff, 0xff, 0x80,
    0x0, 0x0, 0x0, 0xf, 0xff, 0xff, 0xf0, 0x0,
    0x0, 0x0, 0x1f, 0xff, 0xff, 0xfe, 0x0, 0x0,
    0x0, 0x3f, 0xff, 0xff, 0xf8, 0x0, 0x0, 0x0,
    0x3f, 0xff, 0xff, 0x80, 0x0, 0x0, 0x3, 0xff,
    0xff, 0xf8, 0x0, 0x0, 0x0, 0x3f, 0xff, 0xff,
    0x0, 0x0, 0x0, 0x3, 0xff, 0xff, 0xe0, 0x0,
    0x0, 0x0, 0x1f, 0xff, 0xfe, 0x0, 0x0, 0x0,
    0x1, 0xff, 0xff, 0xe0, 0x0, 0x0, 0x0, 0xf,
    0xff, 0xfe, 0x0, 0x0, 0x0, 0x0, 0x7f, 0xff,
    0xe0, 0x0, 0x0, 0x0, 0x3, 0xff, 0xfe, 0x0,
    0x0, 0x0, 0x0, 0x1f, 0xff, 0xf0, 0x0, 0x0,
    0x0, 0x0, 0xff, 0xff, 0x80, 0x0, 0xfe, 0x0,
    0x3, 0xff, 0xfc, 0x0, 0x1f, 0xff, 0x0, 0x1f,
    0xff, 0xe0, 0x1, 0xff, 0xfe, 0x0, 0x7f, 0xff,
    0x0, 0xf, 0xff, 0xfc, 0x3, 0xff, 0xf8, 0x0,
    0x7f, 0x7, 0xf8, 0xf, 0xff, 0xc0, 0x1, 0xc0,
    0xf, 0xe0, 0x3f, 0xff, 0x0, 0x0, 0x0, 0x3f,
    0x80, 0xff, 0xf8, 0x0, 0x0, 0x1, 0xfe, 0x3,
    0xff, 0xe0, 0x0, 0x0, 0x7, 0xf8, 0xf, 0xff,
    0x80, 0x0, 0x0, 0x3f, 0xe0, 0x3f, 0xff, 0x0,
    0x0, 0x1, 0xff, 0x0, 0x7f, 0xfe, 0x0, 0x0,
    0xf, 0xfc, 0x1, 0xff, 0xfc, 0x0, 0x0, 0xff,
    0xe0, 0x3, 0xff, 0xfc, 0x0, 0x1f, 0xff, 0x0,
    0x7, 0xff, 0xff, 0xff, 0xff, 0xf8, 0x0, 0xf,
    0xff, 0xff, 0xff, 0xff, 0xc0, 0x0, 0x1f, 0xff,
    0xff, 0xff, 0xfe, 0x0, 0x0, 0x3f, 0xff, 0xff,
    0xff, 0xe0, 0x0, 0x0, 0x3f, 0xff, 0xff, 0xfe,
    0x0, 0x0, 0x0, 0x7f, 0xff, 0xff, 0xe0, 0x0,
    0x0, 0x0, 0x3f, 0xff, 0xfc, 0x0, 0x0, 0x0,
    0x0, 0xf, 0xff, 0x0, 0x0, 0x0, 0x0,

    /* U+0046 "F" */
    0x0, 0x0, 0x0, 0x0, 0x0, 0x0, 0x0, 0x0,
    0x60, 0x0, 0x0, 0x0, 0x0, 0x0, 0x0, 0x0,
    0x1e, 0x0, 0x0, 0xf, 0xff, 0xff, 0xe0, 0x0,
    0x1f, 0xc0, 0x0, 0x1f, 0xff, 0xff, 0xff, 0xff,
    0xff, 0xfc, 0x0, 0xf, 0xff, 0xff, 0xff, 0xff,
    0xff, 0xff, 0x80, 0x7, 0xff, 0xff, 0xff, 0xff,
    0xff, 0xff, 0xf0, 0x1, 0xff, 0xff, 0xff, 0xff,
    0xff, 0xff, 0xfc, 0x0, 0x3f, 0xff, 0xff, 0xff,
    0xff, 0xff, 0xff, 0x80, 0xf, 0xff, 0xff, 0xff,
    0xff, 0xff, 0xff, 0xe0, 0x1, 0xff, 0xf9, 0xff,
    0xff, 0xff, 0xff, 0xf8, 0x0, 0x1f, 0xe0, 0x0,
    0x7f, 0xff, 0xff, 0xf8, 0x0, 0x3, 0xf8, 0x0,
    0xf, 0xfc, 0x0, 0x0, 0x0, 0x0, 0x7e, 0x0,
    0x0, 0xff, 0xc0, 0x0, 0x0, 0x0, 0x7, 0xc0,
    0x0, 0x1f, 0xfc, 0x0, 0x0, 0x0, 0x0, 0xf8,
    0x0, 0x1, 0xff, 0x80, 0x0, 0x0, 0x0, 0xf,
    0x80, 0x0, 0x3f, 0xf8, 0x0, 0x0, 0x0, 0x0,
    0xf0, 0x0, 0x3, 0xff, 0x80, 0x0, 0x0, 0x0,
    0xf, 0x0, 0x0, 0x7f, 0xf8, 0x0, 0x0, 0x0,
    0x0, 0xf0, 0x0, 0x7, 0xff, 0x0, 0x0, 0x0,
    0x0, 0xf, 0x0, 0x0, 0xff, 0xf0, 0x0, 0x0,
    0x0, 0x0, 0x78, 0x0, 0xf, 0xff, 0x0, 0x0,
    0x0, 0x0, 0x3, 0x80, 0x1, 0xff, 0xe0, 0x0,
    0x0, 0x0, 0x0, 0x0, 0x0, 0x1f, 0xfe, 0x0,
    0x0, 0x0, 0x0, 0x0, 0x0, 0x3, 0xff, 0xe0,
    0x0, 0x0, 0x0, 0x0, 0x0, 0x0, 0x3f, 0xfc,
    0x0, 0x0, 0x0, 0x0, 0x0, 0x0, 0x7, 0xff,
    0xc0, 0x0, 0x0, 0x0, 0x0, 0x0, 0x0, 0x7f,
    0xfc, 0x0, 0x0, 0x0, 0x0, 0x0, 0x0, 0xf,
    0xff, 0xff, 0xe0, 0x0, 0x0, 0x0, 0x0, 0x3,
    0xff, 0xff, 0xff, 0x80, 0x0, 0x0, 0x0, 0xf,
    0xff, 0xff, 0xff, 0xfc, 0x0, 0x0, 0x0, 0x3,
    0xff, 0xff, 0xff, 0xff, 0xc0, 0x0, 0x0, 0x0,
    0x7f, 0xff, 0xff, 0xff, 0xf8, 0x0, 0x0, 0x0,
    0x7, 0xff, 0xff, 0xff, 0xff, 0x0, 0x0, 0x0,
    0x0, 0x3f, 0xff, 0xff, 0xff, 0xc0, 0x0, 0x0,
    0x0, 0x0, 0xff, 0xff, 0xfe, 0x0, 0x0, 0x0,
    0x0, 0x0, 0x0, 0xff, 0xfc, 0x0, 0x0, 0x0,
    0x0, 0x0, 0x0, 0x3, 0xff, 0xc0, 0x0, 0x0,
    0x0, 0x0, 0x0, 0x0, 0x7f, 0xf8, 0x0, 0x0,
    0x0, 0x0, 0x0, 0x0, 0x7, 0xff, 0x80, 0x0,
    0x0, 0x0, 0x0, 0x0, 0x0, 0x7f, 0xf8, 0x0,
    0x0, 0x0, 0x0, 0x0, 0x0, 0x7, 0xff, 0x0,
    0x0, 0x0, 0x0, 0x0, 0x0, 0x0, 0xff, 0xf0,
    0x0, 0x0, 0x0, 0x0, 0x0, 0x0, 0xf, 0xff,
    0x0, 0x0, 0x0, 0x0, 0x0, 0x0, 0x0, 0xff,
    0xe0, 0x0, 0x0, 0x0, 0x0, 0x0, 0x0, 0xf,
    0xfe, 0x0, 0x0, 0x0, 0x0, 0x0, 0x0, 0x1,
    0xff, 0xe0, 0x0, 0x0, 0x0, 0x0, 0x0, 0x0,
    0x1f, 0xfc, 0x0, 0x0, 0x0, 0x0, 0x0, 0x0,
    0x1, 0xff, 0xc0, 0x0, 0x0, 0x0, 0x0, 0x0,
    0x0, 0x1f, 0xfc, 0x0, 0x0, 0x0, 0x0, 0x0,
    0x0, 0x1, 0xff, 0x80, 0x0, 0x0, 0x0, 0x0,
    0x0, 0x0, 0x1f, 0xf8, 0x0, 0x0, 0x0, 0x0,
    0x0, 0x0, 0x1, 0xff, 0x80, 0x0, 0x0, 0x0,
    0x0, 0x0, 0x0, 0x3f, 0xf0, 0x0, 0x0, 0x0,
    0x0, 0x0, 0x0, 0x3, 0xff, 0x0, 0x0, 0x0,
    0x0, 0x0, 0x0, 0x0, 0x1f, 0xf0, 0x0, 0x0,
    0x0, 0x0, 0x0, 0x0, 0x1, 0xfe, 0x0, 0x0,
    0x0, 0x0, 0x0, 0x0, 0x0, 0x1f, 0xe0, 0x0,
    0x0, 0x0, 0x0, 0x0, 0x0, 0x1, 0xfe, 0x0,
    0x0, 0x0, 0x0, 0x0, 0x0, 0x0, 0x1f, 0xc0,
    0x0, 0x0, 0x0, 0x0, 0x0, 0x0, 0x1, 0xf8,
    0x0, 0x0, 0x0, 0x0, 0x0, 0x0, 0x0, 0xf,
    0x80, 0x0, 0x0, 0x0, 0x0, 0x0, 0x0, 0x0,
    0x20, 0x0, 0x0, 0x0, 0x0, 0x0, 0x0,

    /* U+0047 "G" */
    0x0, 0x0, 0x0, 0x1, 0xff, 0xe0, 0x0, 0x0,
    0x0, 0x3, 0xff, 0xfe, 0x0, 0x0, 0x0, 0x7,
    0xff, 0xff, 0xe0, 0x0, 0x0, 0x7, 0xff, 0xff,
    0xfc, 0x0, 0x0, 0x3, 0xff, 0xff, 0xff, 0x80,
    0x0, 0x3, 0xff, 0xff, 0xff, 0xe0, 0x0, 0x3,
    0xff, 0xff, 0x83, 0xfc, 0x0, 0x1, 0xff, 0xff,
    0x0, 0x7f, 0x0, 0x0, 0xff, 0xff, 0x0, 0x1f,
    0xc0, 0x0, 0x7f, 0xff, 0x80, 0x7, 0xf0, 0x0,
    0x3f, 0xff, 0x80, 0x1, 0xfc, 0x0, 0x1f, 0xff,
    0xc0, 0x0, 0x7f, 0x0, 0xf, 0xff, 0xe0, 0x0,
    0x3f, 0x80, 0x7, 0xff, 0xf0, 0x0, 0xf, 0xe0,
    0x3, 0xff, 0xf8, 0x0, 0x7, 0xf0, 0x1, 0xff,
    0xfc, 0x0, 0x3, 0xf8, 0x0, 0xff, 0xfe, 0x0,
    0x1, 0xfe, 0x0, 0x7f, 0xff, 0x0, 0x7f, 0xfe,
    0x0, 0x1f, 0xff, 0x80, 0x1f, 0xff, 0x0, 0xf,
    0xff, 0xc0, 0x7, 0xff, 0x80, 0x3, 0xff, 0xe0,
    0x0, 0x7f, 0x0, 0x1, 0xff, 0xf8, 0x0, 0x0,
    0x0, 0x0, 0xff, 0xfc, 0x0, 0x0, 0x0, 0x0,
    0x3f, 0xfe, 0x0, 0x0, 0x0, 0x0, 0xf, 0xff,
    0x80, 0x0, 0x0, 0x0, 0x7, 0xff, 0xc0, 0x0,
    0x0, 0x0, 0x1, 0xff, 0xe0, 0x0, 0x0, 0x0,
    0x0, 0xff, 0xf8, 0x0, 0x0, 0x0, 0x0, 0x3f,
    0xfc, 0x0, 0x0, 0x0, 0x0, 0xf, 0xff, 0x0,
    0x0, 0x0, 0x0, 0x7, 0xff, 0x80, 0x0, 0x0,
    0x0, 0x1, 0xff, 0xe0, 0x0, 0x0, 0x0, 0xc0,
    0x7f, 0xf8, 0x0, 0x0, 0x1, 0xf8, 0x1f, 0xfc,
    0x0, 0x0, 0x3, 0xfe, 0xf, 0xff, 0x0, 0x0,
    0x1f, 0xff, 0x83, 0xff, 0x80, 0x7, 0xff, 0xff,
    0xe0, 0xff, 0xe0, 0x1, 0xff, 0xff, 0xf8, 0x3f,
    0xf8, 0x0, 0x3f, 0xff, 0xfe, 0xf, 0xfe, 0x0,
    0x3, 0xff, 0xff, 0x3, 0xff, 0x80, 0x0, 0x0,
    0xff, 0xc0, 0xff, 0xe0, 0x0, 0x0, 0x7f, 0xf0,
    0x3f, 0xf8, 0x0, 0x0, 0x3f, 0xfc, 0xf, 0xfe,
    0x0, 0x0, 0x1f, 0xff, 0x3, 0xff, 0x80, 0x0,
    0xf, 0xff, 0x80, 0x7f, 0xe0, 0x0, 0x7, 0xff,
    0xe0, 0x1f, 0xf8, 0x0, 0x7, 0xff, 0xf8, 0x7,
    0xfe, 0x0, 0x7, 0xff, 0xfe, 0x0, 0xff, 0xc0,
    0x7, 0xff, 0xff, 0x0, 0x1f, 0xfc, 0x1f, 0xff,
    0xff, 0xc0, 0x7, 0xff, 0xff, 0xff, 0xff, 0xf0,
    0x0, 0xff, 0xff, 0xff, 0xff, 0xfc, 0x0, 0xf,
    0xff, 0xff, 0xff, 0xfe, 0x0, 0x1, 0xff, 0xff,
    0xf3, 0xff, 0x80, 0x0, 0xf, 0xff, 0xc1, 0xff,
    0xe0, 0x0, 0x0, 0x34, 0x0, 0x7f, 0xf0, 0x0,
    0x0, 0x0, 0x0, 0x1f, 0xfc, 0x0, 0x0, 0x0,
    0x0, 0xf, 0xfe, 0x0, 0x0, 0x0, 0x0, 0x3,
    0xff, 0x80, 0x0, 0x0, 0x7c, 0x1, 0xff, 0xc0,
    0x0, 0x0, 0xff, 0xe0, 0x7f, 0xf0, 0x0, 0x0,
    0xff, 0xf8, 0x3f, 0xf8, 0x0, 0x0, 0x7f, 0xfc,
    0x1f, 0xfe, 0x0, 0x0, 0x3f, 0xf8, 0x7, 0xff,
    0x0, 0x0, 0x1f, 0xf8, 0x3, 0xff, 0xc0, 0x0,
    0xf, 0xf8, 0x1, 0xff, 0xe0, 0x0, 0x3, 0xfc,
    0x0, 0xff, 0xf0, 0x0, 0x1, 0xfe, 0x0, 0x7f,
    0xf8, 0x0, 0x0, 0x7f, 0x80, 0x3f, 0xfe, 0x0,
    0x0, 0x1f, 0xc0, 0x1f, 0xff, 0x0, 0x0, 0x7,
    0xf0, 0x1f, 0xff, 0x80, 0x0, 0x1, 0xff, 0x3f,
    0xff, 0xc0, 0x0, 0x0, 0x7f, 0xff, 0xff, 0xe0,
    0x0, 0x0, 0xf, 0xff, 0xff, 0xf0, 0x0, 0x0,
    0x3, 0xff, 0xff, 0xf8, 0x0, 0x0, 0x0, 0x7f,
    0xff, 0xfc, 0x0, 0x0, 0x0, 0xf, 0xff, 0xfc,
    0x0, 0x0, 0x0, 0x1, 0xff, 0xfe, 0x0, 0x0,
    0x0, 0x0, 0x3f, 0xfe, 0x0, 0x0, 0x0, 0x0,
    0x3, 0xfc, 0x0, 0x0, 0x0, 0x0,

    /* U+0048 "H" */
    0x0, 0x0, 0x0, 0x0, 0x0, 0x0, 0x0, 0x0,
    0x0, 0x1, 0xfc, 0x0, 0x0, 0x0, 0x0, 0x70,
    0x0, 0xf, 0xfc, 0x0, 0x0, 0x0, 0x7, 0xc0,
    0x0, 0xff, 0xf8, 0x0, 0x0, 0x0, 0x7f, 0x0,
    0x7, 0xff, 0xf0, 0x0, 0x0, 0x3, 0xfc, 0x0,
    0x1f, 0xff, 0xc0, 0x0, 0x0, 0x1f, 0xf0, 0x0,
    0xff, 0xff, 0x80, 0x0, 0x0, 0xff, 0xc0, 0x0,
    0xf, 0xfe, 0x0, 0x0, 0x7, 0xfe, 0x0, 0x0,
    0x1f, 0xf8, 0x0, 0x0, 0x3f, 0xf8, 0x0, 0x0,
    0x7f, 0xe0, 0x0, 0x0, 0xff, 0xe0, 0x0, 0x1,
    0xff, 0x80, 0x0, 0x7, 0xff, 0x0, 0x0, 0x7,
    0xfe, 0x0, 0x0, 0x3f, 0xfc, 0x0, 0x0, 0x1f,
    0xf8, 0x0, 0x0, 0xff, 0xf0, 0x0, 0x0, 0x7f,
    0xe0, 0x0, 0x7, 0xff, 0x80, 0x0, 0x1, 0xff,
    0x80, 0x0, 0x1f, 0xfe, 0x0, 0x0, 0x7, 0xfe,
    0x0, 0x0, 0xff, 0xf8, 0x0, 0x0, 0x3f, 0xf8,
    0x0, 0x3, 0xff, 0xc0, 0x0, 0x0, 0xff, 0xe0,
    0x0, 0x1f, 0xff, 0x0, 0x0, 0x3, 0xff, 0x0,
    0x0, 0x7f, 0xf8, 0x0, 0x0, 0xf, 0xfc, 0x0,
    0x3, 0xff, 0xe0, 0x0, 0x0, 0x3f, 0xf0, 0x0,
    0xf, 0xff, 0x80, 0x0, 0x0, 0xff, 0xc0, 0x0,
    0x3f, 0xfc, 0x0, 0x0, 0x7, 0xff, 0x0, 0x1,
    0xff, 0xf0, 0x0, 0x0, 0x1f, 0xfc, 0x0, 0x7,
    0xff, 0xc0, 0x0, 0x0, 0x7f, 0xe0, 0x0, 0x1f,
    0xff, 0x0, 0x0, 0x1, 0xff, 0x80, 0x0, 0xff,
    0xf8, 0x0, 0x0, 0x7, 0xfe, 0x0, 0x3, 0xff,
    0xe0, 0x0, 0x0, 0x3f, 0xf8, 0x0, 0xf, 0xff,
    0x80, 0x0, 0x0, 0xff, 0xc0, 0x0, 0x7f, 0xfc,
    0x0, 0x0, 0x3, 0xff, 0x0, 0x1, 0xff, 0xf0,
    0x0, 0x0, 0x1f, 0xff, 0xff, 0xff, 0xff, 0xc0,
    0x0, 0x1, 0xff, 0xff, 0xff, 0xff, 0xfe, 0x0,
    0x0, 0x3f, 0xff, 0xff, 0xff, 0xff, 0xf8, 0x0,
    0x3, 0xff, 0xff, 0xff, 0xff, 0xff, 0xf8, 0x0,
    0x1f, 0xff, 0xff, 0xff, 0xff, 0xff, 0xf0, 0x0,
    0x7f, 0xff, 0xff, 0xff, 0xff, 0xff, 0xc0, 0x0,
    0xf, 0xff, 0xff, 0xff, 0xff, 0xfe, 0x0, 0x0,
    0xf, 0xff, 0xff, 0xff, 0xff, 0xe0, 0x0, 0x0,
    0x7f, 0xf0, 0x0, 0x1f, 0xfe, 0x0, 0x0, 0x1,
    0xff, 0xc0, 0x0, 0x3f, 0xf8, 0x0, 0x0, 0xf,
    0xfe, 0x0, 0x1, 0xff, 0xe0, 0x0, 0x0, 0x3f,
    0xf8, 0x0, 0x7, 0xff, 0x80, 0x0, 0x0, 0xff,
    0xe0, 0x0, 0x1f, 0xfe, 0x0, 0x0, 0x7, 0xff,
    0x0, 0x0, 0x7f, 0xf0, 0x0, 0x0, 0x1f, 0xfc,
    0x0, 0x1, 0xff, 0xc0, 0x0, 0x0, 0xff, 0xe0,
    0x0, 0x7, 0xff, 0x0, 0x0, 0x3, 0xff, 0x80,
    0x0, 0x1f, 0xfc, 0x0, 0x0, 0x1f, 0xfc, 0x0,
    0x0, 0x7f, 0xf0, 0x0, 0x0, 0x7f, 0xf0, 0x0,
    0x1, 0xff, 0x80, 0x0, 0x3, 0xff, 0x80, 0x0,
    0x7, 0xfe, 0x0, 0x0, 0x1f, 0xfe, 0x0, 0x0,
    0x1f, 0xf8, 0x0, 0x0, 0x7f, 0xf0, 0x0, 0x0,
    0x7f, 0xe0, 0x0, 0x3, 0xff, 0xc0, 0x0, 0x1,
    0xff, 0x80, 0x0, 0x1f, 0xfe, 0x0, 0x0, 0x3,
    0xfe, 0x0, 0x0, 0xff, 0xf0, 0x0, 0x0, 0xf,
    0xf8, 0x0, 0xf, 0xff, 0x80, 0x0, 0x0, 0x1f,
    0xe0, 0x0, 0xff, 0xfc, 0x0, 0x0, 0x0, 0x7f,
    0xc0, 0x3, 0xff, 0xe0, 0x0, 0x0, 0x0, 0xff,
    0x0, 0xf, 0xff, 0x0, 0x0, 0x0, 0x0, 0xfc,
    0x0, 0x1f, 0xf0, 0x0, 0x0, 0x0, 0x0, 0x0,
    0x0, 0x0, 0x0, 0x0, 0x0, 0x0, 0x0, 0x0,
    0x0,

    /* U+0049 "I" */
    0x0, 0x0, 0xfe, 0x0, 0x1f, 0xfe, 0x0, 0xff,
    0xfe, 0x3, 0xff, 0xfe, 0xf, 0xff, 0xfe, 0x1f,
    0xff, 0xfe, 0x3f, 0xff, 0xfe, 0x7f, 0xff, 0xfe,
    0x7f, 0xdf, 0xfc, 0xfe, 0x1f, 0xfc, 0xfc, 0x1f,
    0xfc, 0xf8, 0x1f, 0xf8, 0xf0, 0x3f, 0xf8, 0xe0,
    0x3f, 0xf8, 0xc0, 0x3f, 0xf8, 0xc0, 0x7f, 0xf0,
    0x0, 0x7f, 0xf0, 0x0, 0x7f, 0xf0, 0x0, 0xff,
    0xf0, 0x0, 0xff, 0xf0, 0x0, 0xff, 0xe0, 0x0,
    0xff, 0xe0, 0x1, 0xff, 0xe0, 0x1, 0xff, 0xe0,
    0x1, 0xff, 0xc0, 0x1, 0xff, 0xc0, 0x3, 0xff,
    0xc0, 0x3, 0xff, 0xc0, 0x3, 0xff, 0x80, 0x3,
    0xff, 0x80, 0x7, 0xff, 0x80, 0x7, 0xff, 0x80,
    0x7, 0xff, 0x0, 0x7, 0xff, 0x0, 0xf, 0xff,
    0x0, 0xf, 0xff, 0x0, 0xf, 0xff, 0x0, 0xf,
    0xfe, 0x0, 0xf, 0xfe, 0x0, 0x1f, 0xfe, 0x0,
    0x1f, 0xfe, 0x0, 0x1f, 0xfc, 0x0, 0x1f, 0xfc,
    0x0, 0x1f, 0xfc, 0x0, 0x3f, 0xfc, 0x0, 0x3f,
    0xf8, 0x0, 0x3f, 0xf8, 0x0, 0x3f, 0xf8, 0x0,
    0x3f, 0xf8, 0x0, 0x7f, 0xf0, 0x0, 0x7f, 0xf0,
    0x0, 0x7f, 0xf0, 0x0, 0x7f, 0xf0, 0x0, 0x7f,
    0xe0, 0x0, 0x7f, 0xe0, 0x0, 0x7f, 0xc0, 0x0,
    0x3f, 0x0, 0x0,

    /* U+004A "J" */
    0x0, 0x0, 0x0, 0x0, 0x0, 0x0, 0x0, 0x0,
    0x0, 0x0, 0x0, 0xf, 0xff, 0xf0, 0x0, 0x0,
    0x0, 0x0, 0xff, 0xff, 0xf0, 0x0, 0x0, 0x0,
    0x7, 0xff, 0xff, 0xe0, 0x0, 0x0, 0x0, 0x1f,
    0xff, 0xff, 0xc0, 0x0, 0x0, 0x0, 0xff, 0xff,
    0xff, 0x80, 0x0, 0x0, 0x1, 0xff, 0xff, 0xfe,
    0x0, 0x0, 0x0, 0x7, 0xff, 0xff, 0xf8, 0x0,
    0x0, 0x0, 0x1f, 0xf8, 0xff, 0xf0, 0x0, 0x0,
    0x0, 0x7f, 0x83, 0xff, 0xc0, 0x0, 0x0, 0x0,
    0xfe, 0xf, 0xff, 0x80, 0x0, 0x0, 0x1, 0xf0,
    0x1f, 0xfe, 0x0, 0x0, 0x0, 0x7, 0xc0, 0x3f,
    0xfc, 0x0, 0x0, 0x0, 0xf, 0x0, 0xff, 0xf0,
    0x0, 0x0, 0x0, 0x1e, 0x1, 0xff, 0xe0, 0x0,
    0x0, 0x0, 0x1c, 0x7, 0xff, 0x80, 0x0, 0x0,
    0x0, 0x30, 0xf, 0xff, 0x0, 0x0, 0x0, 0x0,
    0x0, 0x1f, 0xfc, 0x0, 0x0, 0x0, 0x0, 0x0,
    0x7f, 0xf8, 0x0, 0x0, 0x0, 0x0, 0x0, 0xff,
    0xf0, 0x0, 0x0, 0x0, 0x0, 0x3, 0xff, 0xc0,
    0x0, 0x0, 0x0, 0x0, 0x7, 0xff, 0x80, 0x0,
    0x0, 0x0, 0x0, 0xf, 0xfe, 0x0, 0x0, 0x0,
    0x0, 0x0, 0x3f, 0xfc, 0x0, 0x0, 0x0, 0x0,
    0x0, 0x7f, 0xf8, 0x0, 0x0, 0x0, 0x0, 0x0,
    0xff, 0xe0, 0x0, 0x0, 0x0, 0x0, 0x1, 0xff,
    0xc0, 0x0, 0x0, 0x0, 0x0, 0x7, 0xff, 0x80,
    0x0, 0x0, 0x0, 0x0, 0xf, 0xfe, 0x0, 0x0,
    0x0, 0x0, 0x0, 0x1f, 0xfc, 0x0, 0x0, 0x0,
    0x0, 0x0, 0x7f, 0xf8, 0x0, 0x0, 0x0, 0x0,
    0x0, 0xff, 0xe0, 0x0, 0x0, 0x0, 0x0, 0x1,
    0xff, 0xc0, 0x0, 0x0, 0x0, 0x0, 0x7, 0xff,
    0x80, 0x0, 0x0, 0x0, 0x0, 0xf, 0xfe, 0x0,
    0x0, 0x0, 0x0, 0x0, 0x1f, 0xfc, 0x0, 0x0,
    0x0, 0x0, 0x0, 0x7f, 0xf8, 0x0, 0x0, 0x0,
    0x0, 0x0, 0xff, 0xe0, 0x0, 0x0, 0x0, 0x0,
    0x1, 0xff, 0xc0, 0x0, 0x0, 0x0, 0x0, 0x3,
    0xff, 0x80, 0x0, 0x0, 0x0, 0x0, 0xf, 0xff,
    0x0, 0x0, 0x0, 0x0, 0x0, 0x1f, 0xfc, 0x0,
    0x0, 0x0, 0x0, 0x0, 0x3f, 0xf8, 0x0, 0x0,
    0x0, 0x0, 0x0, 0xff, 0xf0, 0x0, 0x0, 0x0,
    0x0, 0x1, 0xff, 0xc0, 0x0, 0x0, 0x0, 0x0,
    0x3, 0xff, 0x80, 0x0, 0x0, 0x2, 0x0, 0xf,
    0xff, 0x0, 0x0, 0x0, 0x7f, 0x80, 0x1f, 0xfe,
    0x0, 0x0, 0x3, 0xff, 0x80, 0x3f, 0xf8, 0x0,
    0x0, 0xf, 0xff, 0x80, 0x7f, 0xf0, 0x0, 0x0,
    0x3f, 0xff, 0x1, 0xff, 0xe0, 0x0, 0x0, 0xff,
    0xff, 0x3, 0xff, 0x80, 0x0, 0x3, 0xff, 0x1e,
    0x7, 0xff, 0x0, 0x0, 0x7, 0xfc, 0x3c, 0xf,
    0xfe, 0x0, 0x0, 0x1f, 0xf0, 0x70, 0x3f, 0xf8,
    0x0, 0x0, 0x3f, 0xc0, 0xe0, 0x7f, 0xf0, 0x0,
    0x0, 0x7f, 0x81, 0xc0, 0xff, 0xe0, 0x0, 0x1,
    0xff, 0x3, 0x3, 0xff, 0x80, 0x0, 0x3, 0xfc,
    0x4, 0x7, 0xff, 0x0, 0x0, 0x7, 0xf8, 0x0,
    0x1f, 0xfc, 0x0, 0x0, 0xf, 0xf0, 0x0, 0x3f,
    0xf8, 0x0, 0x0, 0x1f, 0xe0, 0x0, 0xff, 0xe0,
    0x0, 0x0, 0x3f, 0xe0, 0x3, 0xff, 0xc0, 0x0,
    0x0, 0x7f, 0xc0, 0xf, 0xff, 0x0, 0x0, 0x0,
    0xff, 0xc0, 0x3f, 0xfc, 0x0, 0x0, 0x0, 0xff,
    0xe0, 0xff, 0xf0, 0x0, 0x0, 0x1, 0xff, 0xff,
    0xff, 0xe0, 0x0, 0x0, 0x3, 0xff, 0xff, 0xff,
    0x80, 0x0, 0x0, 0x3, 0xff, 0xff, 0xfe, 0x0,
    0x0, 0x0, 0x3, 0xff, 0xff, 0xf0, 0x0, 0x0,
    0x0, 0x7, 0xff, 0xff, 0xc0, 0x0, 0x0, 0x0,
    0x3, 0xff, 0xfe, 0x0, 0x0, 0x0, 0x0, 0x3,
    0xff, 0xf0, 0x0, 0x0, 0x0, 0x0, 0x1, 0xff,
    0x0, 0x0, 0x0, 0x0, 0x0, 0x0, 0x0, 0x0,
    0x0, 0x0, 0x0, 0x0,

    /* U+004B "K" */
    0x0, 0x0, 0x0, 0x0, 0x0, 0x1f, 0x0, 0x0,
    0x3, 0xe0, 0x0, 0x3, 0xfe, 0x0, 0x0, 0xff,
    0x80, 0x0, 0x3f, 0xfc, 0x0, 0x1f, 0xfe, 0x0,
    0x1, 0xff, 0xe0, 0x1, 0xff, 0xf0, 0x0, 0x3,
    0xff, 0x0, 0x1f, 0xff, 0xc0, 0x0, 0x1f, 0xfc,
    0x1, 0xff, 0xfe, 0x0, 0x1, 0xff, 0xc0, 0x1f,
    0xff, 0xf0, 0x0, 0xf, 0xfe, 0x0, 0xf3, 0xff,
    0x80, 0x0, 0xff, 0xf0, 0x6, 0x1f, 0xfc, 0x0,
    0x7, 0xff, 0x0, 0x1, 0xff, 0xe0, 0x0, 0x7f,
    0xf8, 0x0, 0xf, 0xfe, 0x0, 0x7, 0xff, 0x80,
    0x0, 0x7f, 0xf0, 0x0, 0x7f, 0xfc, 0x0, 0x7,
    0xff, 0x80, 0x7, 0xff, 0xc0, 0x0, 0x3f, 0xfc,
    0x0, 0x7f, 0xfc, 0x0, 0x3, 0xff, 0xc0, 0x7,
    0xff, 0xe0, 0x0, 0x1f, 0xfe, 0x0, 0x7f, 0xfe,
    0x0, 0x0, 0xff, 0xf0, 0x7, 0xff, 0xe0, 0x0,
    0xf, 0xff, 0x80, 0x7f, 0xfe, 0x0, 0x0, 0x7f,
    0xf8, 0xf, 0xff, 0xe0, 0x0, 0x3, 0xff, 0xc0,
    0xff, 0xfe, 0x0, 0x0, 0x3f, 0xfe, 0x1f, 0xff,
    0xe0, 0x0, 0x1, 0xff, 0xe1, 0xff, 0xfc, 0x0,
    0x0, 0xf, 0xff, 0x3f, 0xff, 0xc0, 0x0, 0x0,
    0xff, 0xff, 0xff, 0xfc, 0x0, 0x0, 0x7, 0xff,
    0xff, 0xff, 0x80, 0x0, 0x0, 0x7f, 0xff, 0xff,
    0xf8, 0x0, 0x0, 0x3, 0xff, 0xff, 0xff, 0x0,
    0x0, 0x0, 0x1f, 0xff, 0xff, 0xe0, 0x0, 0x0,
    0x0, 0xff, 0xff, 0xfe, 0x0, 0x0, 0x0, 0xf,
    0xff, 0xff, 0xc0, 0x0, 0x0, 0x0, 0x7f, 0xff,
    0xfe, 0x0, 0x0, 0x0, 0x3, 0xff, 0xff, 0xf0,
    0x0, 0x0, 0x0, 0x3f, 0xff, 0xff, 0xc0, 0x0,
    0x0, 0x1, 0xff, 0xff, 0xfe, 0x0, 0x0, 0x0,
    0xf, 0xff, 0xff, 0xf0, 0x0, 0x0, 0x0, 0xff,
    0xff, 0xff, 0xc0, 0x0, 0x0, 0x7, 0xff, 0x9f,
    0xfe, 0x0, 0x0, 0x0, 0x3f, 0xfc, 0xff, 0xf8,
    0x0, 0x0, 0x3, 0xff, 0xe7, 0xff, 0xc0, 0x0,
    0x0, 0x1f, 0xfe, 0x1f, 0xfe, 0x0, 0x0, 0x0,
    0xff, 0xf0, 0xff, 0xf8, 0x0, 0x0, 0xf, 0xff,
    0x83, 0xff, 0xc0, 0x0, 0x0, 0x7f, 0xfc, 0x1f,
    0xff, 0x0, 0x0, 0x3, 0xff, 0xc0, 0xff, 0xf8,
    0x0, 0x0, 0x1f, 0xfe, 0x3, 0xff, 0xe0, 0x0,
    0x1, 0xff, 0xf0, 0x1f, 0xff, 0x0, 0x0, 0xf,
    0xff, 0x0, 0x7f, 0xfc, 0x0, 0x0, 0x7f, 0xf8,
    0x3, 0xff, 0xe0, 0x0, 0x3, 0xff, 0xc0, 0xf,
    0xff, 0x80, 0x0, 0x3f, 0xfe, 0x0, 0x7f, 0xfc,
    0x0, 0x1, 0xff, 0xe0, 0x1, 0xff, 0xf0, 0x0,
    0xf, 0xff, 0x0, 0xf, 0xff, 0x80, 0x0, 0x7f,
    0xf8, 0x0, 0x3f, 0xfe, 0x0, 0x3, 0xff, 0x80,
    0x0, 0xff, 0xf8, 0x0, 0x1f, 0xfc, 0x0, 0x7,
    0xff, 0xc0, 0x0, 0xff, 0xc0, 0x0, 0x1f, 0xff,
    0x0, 0x3, 0xfe, 0x0, 0x0, 0x7f, 0xfc, 0x0,
    0x1f, 0xe0, 0x0, 0x3, 0xff, 0xf0, 0x0, 0x7e,
    0x0, 0x0, 0xf, 0xff, 0x80, 0x0, 0xe0, 0x0,
    0x0, 0x3f, 0xfe, 0x0, 0x0, 0x0, 0x0, 0x0,
    0xff, 0xf8, 0x0, 0x0, 0x0, 0x0, 0x3, 0xff,
    0xf0, 0x0, 0x0, 0x0, 0x0, 0xf, 0xff, 0xc0,
    0x0, 0x0, 0x0, 0x0, 0x1f, 0xff, 0x0, 0x0,
    0x0, 0x0, 0x0, 0x7f, 0xfe, 0x0, 0x0, 0x0,
    0x0, 0x0, 0xff, 0xf0, 0x0, 0x0, 0x0, 0x0,
    0x0, 0xfc, 0x0,

    /* U+004C "L" */
    0x0, 0x0, 0x0, 0x0, 0x0, 0x0, 0x0, 0x0,
    0x0, 0x0, 0x0, 0x0, 0x3f, 0xf0, 0x0, 0x0,
    0x0, 0x0, 0x0, 0xff, 0xfc, 0x0, 0x0, 0x0,
    0x0, 0x0, 0xff, 0xff, 0x0, 0x0, 0x0, 0x0,
    0x0, 0xff, 0xff, 0xc0, 0x0, 0x0, 0x0, 0x1,
    0xff, 0xff, 0xf0, 0x0, 0x0, 0x0, 0x1, 0xff,
    0xff, 0xfc, 0x0, 0x0, 0x0, 0x0, 0xff, 0xff,
    0xfe, 0x0, 0x0, 0x0, 0x0, 0xff, 0xff, 0xff,
    0x80, 0x0, 0x0, 0x0, 0xff, 0xfc, 0x1f, 0xc0,
    0x0, 0x0, 0x0, 0xff, 0xf8, 0x7, 0xe0, 0x0,
    0x0, 0x0, 0x7f, 0xf8, 0x3, 0xf0, 0x0, 0x0,
    0x0, 0x7f, 0xfc, 0x1, 0xf8, 0x0, 0x0, 0x0,
    0x7f, 0xfc, 0x0, 0xfc, 0x0, 0x0, 0x0, 0x3f,
    0xfc, 0x0, 0x7e, 0x0, 0x0, 0x0, 0x3f, 0xfe,
    0x0, 0x7e, 0x0, 0x0, 0x0, 0x1f, 0xfe, 0x0,
    0x3f, 0x0, 0x0, 0x0, 0x1f, 0xfe, 0x0, 0x3f,
    0x80, 0x0, 0x0, 0xf, 0xff, 0x0, 0x3f, 0x80,
    0x0, 0x0, 0xf, 0xff, 0x0, 0x7f, 0x80, 0x0,
    0x0, 0x7, 0xff, 0x80, 0xff, 0x80, 0x0, 0x0,
    0x7, 0xff, 0x83, 0xff, 0x80, 0x0, 0x0, 0x3,
    0xff, 0xc1, 0xff, 0x80, 0x0, 0x0, 0x3, 0xff,
    0xc0, 0xff, 0x0, 0x0, 0x0, 0x1, 0xff, 0xe0,
    0x1e, 0x0, 0x0, 0x0, 0x0, 0xff, 0xe0, 0x0,
    0x0, 0x0, 0x0, 0x0, 0xff, 0xf0, 0x0, 0x0,
    0x0, 0x0, 0x0, 0x7f, 0xf8, 0x0, 0x0, 0x0,
    0x0, 0x0, 0x7f, 0xf8, 0x0, 0x0, 0x0, 0x0,
    0x0, 0x3f, 0xfc, 0x0, 0x0, 0x0, 0x0, 0x0,
    0x1f, 0xfe, 0x0, 0x0, 0x0, 0x0, 0x0, 0x1f,
    0xfe, 0x0, 0x0, 0x0, 0x0, 0x0, 0xf, 0xff,
    0x0, 0x0, 0x0, 0x0, 0x0, 0x7, 0xff, 0x80,
    0x0, 0x0, 0x0, 0x0, 0x7, 0xff, 0x80, 0x0,
    0x0, 0x0, 0x0, 0x3, 0xff, 0xc0, 0x0, 0x0,
    0x0, 0x0, 0x3, 0xff, 0xe0, 0x0, 0x0, 0x0,
    0x0, 0x1, 0xff, 0xe0, 0x0, 0x0, 0x0, 0x0,
    0x0, 0xff, 0xf0, 0x0, 0x0, 0x0, 0x0, 0x0,
    0xff, 0xf8, 0x0, 0x0, 0x0, 0x0, 0x0, 0x7f,
    0xf8, 0x0, 0x0, 0xc, 0x0, 0x0, 0x3f, 0xfc,
    0x0, 0x0, 0x6, 0x0, 0x0, 0x3f, 0xfc, 0x0,
    0x0, 0x7, 0x80, 0x0, 0x1f, 0xfe, 0x0, 0x0,
    0x7, 0xc0, 0x3, 0xff, 0xff, 0x0, 0x0, 0x7,
    0xe0, 0x3f, 0xff, 0xff, 0x0, 0x0, 0x7, 0xf0,
    0x3f, 0xff, 0xff, 0x80, 0x0, 0x7, 0xf8, 0x7f,
    0xff, 0xff, 0xe0, 0x0, 0xf, 0xfc, 0x7f, 0xff,
    0xff, 0xfe, 0x0, 0x1f, 0xfe, 0x3f, 0xff, 0xff,
    0xff, 0xff, 0xff, 0xff, 0x3f, 0xff, 0xff, 0xff,
    0xff, 0xff, 0xff, 0x9f, 0xff, 0xff, 0xff, 0xff,
    0xff, 0xff, 0xcf, 0xff, 0xff, 0xff, 0xff, 0xff,
    0xff, 0xc7, 0xff, 0xff, 0x3, 0xff, 0xff, 0xff,
    0xe3, 0xff, 0xfe, 0x0, 0x3f, 0xff, 0xff, 0xe0,
    0xff, 0xf8, 0x0, 0x7, 0xff, 0xff, 0xf0, 0x7f,
    0xf0, 0x0, 0x0, 0x7f, 0xff, 0xf0, 0x1f, 0xe0,
    0x0, 0x0, 0xf, 0xff, 0xf0, 0x3, 0x80, 0x0,
    0x0, 0x0, 0x7f, 0xe0, 0x0,

    /* U+004D "M" */
    0x0, 0x0, 0x70, 0x0, 0xfc, 0x0, 0x0, 0x0,
    0x0, 0x0, 0xf, 0xc0, 0x1f, 0xf8, 0x0, 0x0,
    0x0, 0x0, 0x0, 0xfe, 0x1, 0xff, 0xe0, 0x0,
    0x0, 0x0, 0x0, 0x1f, 0xf0, 0x3f, 0xff, 0x80,
    0x0, 0x38, 0x0, 0x1, 0xff, 0x83, 0xff, 0xfc,
    0x0, 0xf, 0xf0, 0x0, 0x3f, 0xfc, 0x3f, 0xff,
    0xf0, 0x1, 0xff, 0xe0, 0x3, 0xff, 0xe3, 0xff,
    0xff, 0x80, 0x3f, 0xff, 0x80, 0x7f, 0xfe, 0x3f,
    0xff, 0xfc, 0x3, 0xff, 0xfc, 0xcf, 0xff, 0xf3,
    0xff, 0xff, 0xe0, 0x7f, 0xff, 0xf7, 0xff, 0xff,
    0x9f, 0xf1, 0xff, 0x87, 0xff, 0xff, 0x9f, 0xff,
    0xfd, 0xff, 0xf, 0xfc, 0x7f, 0xff, 0xfe, 0xff,
    0xff, 0xff, 0xf0, 0x7f, 0xe7, 0xff, 0xff, 0xf3,
    0xff, 0xff, 0xff, 0x7, 0xff, 0x7f, 0xff, 0xff,
    0x80, 0x7f, 0xff, 0xf0, 0x3f, 0xff, 0xff, 0x3f,
    0xfc, 0x3, 0xff, 0xff, 0x1, 0xff, 0xff, 0xe0,
    0xff, 0xe0, 0x1f, 0xff, 0xf0, 0xf, 0xff, 0xfe,
    0x7, 0xff, 0x0, 0xff, 0xff, 0x0, 0x7f, 0xff,
    0xe0, 0x3f, 0xf8, 0x7, 0xff, 0xf8, 0x7, 0xff,
    0xfe, 0x1, 0xff, 0xc0, 0x7f, 0xff, 0x80, 0x3f,
    0xff, 0xe0, 0x1f, 0xfe, 0x3, 0xff, 0xfc, 0x1,
    0xff, 0xfe, 0x0, 0xff, 0xf0, 0x1f, 0xff, 0xc0,
    0xf, 0xff, 0xe0, 0x7, 0xff, 0x80, 0xff, 0xfc,
    0x0, 0xff, 0xfe, 0x0, 0x3f, 0xf8, 0x7, 0xff,
    0xe0, 0x7, 0xff, 0xf0, 0x3, 0xff, 0xc0, 0x7f,
    0xfe, 0x0, 0x3f, 0xff, 0x0, 0x1f, 0xfe, 0x3,
    0xff, 0xf0, 0x1, 0xff, 0xf0, 0x0, 0xff, 0xf0,
    0x1f, 0xff, 0x0, 0x1f, 0xff, 0x80, 0xf, 0xff,
    0x80, 0xff, 0xf8, 0x0, 0xff, 0xf8, 0x0, 0x7f,
    0xf8, 0xf, 0xff, 0x80, 0x7, 0xff, 0xc0, 0x3,
    0xff, 0xc0, 0x7f, 0xfc, 0x0, 0x3f, 0xfc, 0x0,
    0x3f, 0xfe, 0x3, 0xff, 0xc0, 0x3, 0xff, 0xe0,
    0x1, 0xff, 0xf0, 0x1f, 0xfe, 0x0, 0x1f, 0xfe,
    0x0, 0xf, 0xff, 0x80, 0xff, 0xe0, 0x0, 0xff,
    0xf0, 0x0, 0xff, 0xf8, 0xf, 0xff, 0x0, 0xf,
    0xff, 0x0, 0x7, 0xff, 0xc0, 0x7f, 0xf8, 0x0,
    0x7f, 0xf8, 0x0, 0x3f, 0xfe, 0x3, 0xff, 0x80,
    0x3, 0xff, 0xc0, 0x1, 0xff, 0xf0, 0x1f, 0xfc,
    0x0, 0x1f, 0xfc, 0x0, 0x1f, 0xff, 0x0, 0xff,
    0xe0, 0x0, 0xff, 0xe0, 0x0, 0xff, 0xf8, 0xf,
    0xff, 0x0, 0xf, 0xff, 0x0, 0x7, 0xff, 0xc0,
    0x7f, 0xf0, 0x0, 0x7f, 0xf8, 0x0, 0x3f, 0xfe,
    0x3, 0xff, 0x80, 0x3, 0xff, 0xc0, 0x3, 0xff,
    0xe0, 0x1f, 0xfc, 0x0, 0x1f, 0xfc, 0x0, 0x1f,
    0xff, 0x0, 0xff, 0xe0, 0x1, 0xff, 0xe0, 0x0,
    0xff, 0xf8, 0xf, 0xff, 0x0, 0xf, 0xff, 0x0,
    0x7, 0xff, 0xc0, 0x7f, 0xf0, 0x0, 0x7f, 0xf8,
    0x0, 0x7f, 0xfc, 0x3, 0xff, 0x80, 0x3, 0xff,
    0xc0, 0x3, 0xff, 0xe0, 0x1f, 0xfc, 0x0, 0x1f,
    0xfc, 0x0, 0x1f, 0xff, 0x0, 0xff, 0xe0, 0x0,
    0xff, 0xe0, 0x0, 0xff, 0xf8, 0x7, 0xff, 0x0,
    0x7, 0xff, 0x0, 0x7, 0xff, 0x80, 0x3f, 0xf0,
    0x0, 0x3f, 0xf8, 0x0, 0x3f, 0xfc, 0x1, 0xff,
    0x80, 0x1, 0xff, 0xc0, 0x1, 0xff, 0xe0, 0xf,
    0xfc, 0x0, 0xf, 0xfc, 0x0, 0xf, 0xff, 0x0,
    0x7f, 0xe0, 0x0, 0x7f, 0xe0, 0x0, 0x7f, 0xf0,
    0x3, 0xff, 0x0, 0x3, 0xff, 0x0, 0x3, 0xff,
    0x80, 0x1f, 0xf0, 0x0, 0x1f, 0xf8, 0x0, 0x1f,
    0xfc, 0x0, 0x7f, 0x80, 0x0, 0xff, 0xc0, 0x0,
    0xff, 0xe0, 0x3, 0xf8, 0x0, 0x3, 0xfc, 0x0,
    0x7, 0xfe, 0x0, 0xf, 0xc0, 0x0, 0xf, 0xe0,
    0x0, 0x1f, 0xf0, 0x0, 0x18, 0x0, 0x0, 0x3e,
    0x0, 0x0, 0xff, 0x0, 0x0, 0x0, 0x0, 0x0,
    0x0, 0x0, 0x1, 0xe0, 0x0,

    /* U+004E "N" */
    0x0, 0x0, 0x0, 0x0, 0x0, 0x0, 0x0, 0x0,
    0x0, 0x3e, 0x0, 0x0, 0x1, 0xc0, 0x0, 0x0,
    0x7f, 0x0, 0x0, 0x1f, 0xf0, 0x0, 0x1, 0xff,
    0x0, 0x0, 0x7f, 0xf8, 0x0, 0x3, 0xff, 0x0,
    0x1, 0xff, 0xfc, 0x0, 0x7, 0xff, 0x0, 0x3,
    0xff, 0xfe, 0x0, 0x1f, 0xff, 0x0, 0x7, 0xff,
    0xfe, 0x0, 0x3f, 0xff, 0x0, 0x1f, 0xff, 0xfe,
    0x0, 0xff, 0xff, 0x0, 0x3f, 0xff, 0xff, 0x1,
    0xff, 0xff, 0x0, 0x7f, 0xff, 0xff, 0xff, 0xff,
    0xff, 0x0, 0xff, 0xff, 0xff, 0x7f, 0xff, 0xff,
    0x1, 0xff, 0x9f, 0xff, 0x7f, 0xfb, 0xff, 0x3,
    0xff, 0x1f, 0xff, 0x1f, 0xe3, 0xfe, 0x7, 0xfc,
    0x1f, 0xff, 0x0, 0x7, 0xfe, 0xf, 0xf8, 0x1f,
    0xff, 0x0, 0x7, 0xfe, 0xf, 0xf0, 0x1f, 0xff,
    0x0, 0xf, 0xfe, 0x1f, 0xe0, 0x1f, 0xfe, 0x0,
    0xf, 0xfc, 0x3f, 0xc0, 0x3f, 0xfe, 0x0, 0xf,
    0xfc, 0x7f, 0x80, 0x3f, 0xfe, 0x0, 0x1f, 0xfc,
    0xff, 0x0, 0x3f, 0xfe, 0x0, 0x1f, 0xf8, 0xfe,
    0x0, 0x3f, 0xfc, 0x0, 0x1f, 0xf9, 0xfe, 0x0,
    0x3f, 0xfc, 0x0, 0x3f, 0xfb, 0xfc, 0x0, 0x7f,
    0xfc, 0x0, 0x3f, 0xff, 0xf8, 0x0, 0x7f, 0xfc,
    0x0, 0x3f, 0xf7, 0xf0, 0x0, 0x7f, 0xf8, 0x0,
    0x7f, 0xff, 0xf0, 0x0, 0xff, 0xf8, 0x0, 0x7f,
    0xff, 0xe0, 0x0, 0xff, 0xf8, 0x0, 0xff, 0xff,
    0xc0, 0x0, 0xff, 0xf8, 0x0, 0xff, 0xff, 0x80,
    0x0, 0xff, 0xf8, 0x0, 0xff, 0xff, 0x80, 0x1,
    0xff, 0xf0, 0x1, 0xff, 0xff, 0x0, 0x1, 0xff,
    0xf0, 0x1, 0xff, 0xfe, 0x0, 0x1, 0xff, 0xf0,
    0x1, 0xff, 0xfc, 0x0, 0x1, 0xff, 0xf0, 0x3,
    0xff, 0xfc, 0x0, 0x3, 0xff, 0xe0, 0x3, 0xff,
    0xf8, 0x0, 0x3, 0xff, 0xe0, 0x3, 0xff, 0xf0,
    0x0, 0x3, 0xff, 0xe0, 0x3, 0xff, 0xe0, 0x0,
    0x3, 0xff, 0xe0, 0x7, 0xff, 0xe0, 0x0, 0x7,
    0xff, 0xc0, 0x7, 0xff, 0xc0, 0x0, 0x7, 0xff,
    0xc0, 0x7, 0xff, 0xc0, 0x0, 0x7, 0xff, 0xc0,
    0x7, 0xff, 0x80, 0x0, 0x7, 0xff, 0xc0, 0xf,
    0xff, 0x0, 0x0, 0xf, 0xff, 0xc0, 0xf, 0xff,
    0x0, 0x0, 0xf, 0xff, 0x80, 0xf, 0xff, 0x0,
    0x0, 0xf, 0xff, 0x80, 0xf, 0xfe, 0x0, 0x0,
    0xf, 0xff, 0x80, 0xf, 0xfe, 0x0, 0x0, 0x1f,
    0xff, 0x80, 0x1f, 0xfc, 0x0, 0x0, 0x1f, 0xff,
    0x0, 0x1f, 0xfc, 0x0, 0x0, 0x1f, 0xff, 0x0,
    0x1f, 0xfc, 0x0, 0x0, 0x1f, 0xff, 0x0, 0x1f,
    0xf8, 0x0, 0x0, 0x1f, 0xff, 0x0, 0x1f, 0xf8,
    0x0, 0x0, 0x1f, 0xfe, 0x0, 0x1f, 0xf8, 0x0,
    0x0, 0x1f, 0xfe, 0x0, 0x1f, 0xf0, 0x0, 0x0,
    0x1f, 0xfe, 0x0, 0x1f, 0xf0, 0x0, 0x0, 0x1f,
    0xfe, 0x0, 0x1f, 0xe0, 0x0, 0x0, 0x1f, 0xfc,
    0x0, 0xf, 0xe0, 0x0, 0x0, 0x1f, 0xfc, 0x0,
    0xf, 0xc0, 0x0, 0x0, 0x1f, 0xf8, 0x0, 0x3,
    0x0, 0x0, 0x0, 0xf, 0xf8, 0x0, 0x0, 0x0,
    0x0, 0x0, 0x7, 0xf0, 0x0, 0x0, 0x0, 0x0,
    0x0, 0x3, 0xc0, 0x0,

    /* U+004F "O" */
    0x0, 0x0, 0x0, 0x0, 0x0, 0x0, 0x0, 0x0,
    0x0, 0x0, 0x7, 0xf8, 0x0, 0x0, 0x0, 0x0,
    0x7, 0xff, 0xc0, 0x0, 0x0, 0x0, 0x1, 0xff,
    0xfc, 0x0, 0x0, 0x0, 0x0, 0x7f, 0xff, 0xc0,
    0x0, 0x0, 0x7, 0xff, 0xff, 0xfc, 0x0, 0x0,
    0x7, 0xff, 0xff, 0xff, 0xc0, 0x0, 0x3, 0xff,
    0xfe, 0x3f, 0xfc, 0x0, 0x1, 0xff, 0xff, 0x3,
    0xff, 0x80, 0x0, 0xff, 0xff, 0xc0, 0x3f, 0xf8,
    0x0, 0x3f, 0xff, 0xf0, 0x7, 0xff, 0x0, 0xf,
    0xff, 0xfe, 0x0, 0x7f, 0xe0, 0x3, 0xff, 0xfb,
    0xc0, 0xf, 0xfe, 0x0, 0xff, 0xfe, 0x78, 0x1,
    0xff, 0xc0, 0x3f, 0xff, 0x8e, 0x0, 0x3f, 0xf8,
    0xf, 0xff, 0xe1, 0xc0, 0x7, 0xff, 0x1, 0xff,
    0xf8, 0x18, 0x0, 0xff, 0xe0, 0x7f, 0xfe, 0x0,
    0x0, 0x1f, 0xfc, 0x1f, 0xff, 0x80, 0x0, 0x3,
    0xff, 0x83, 0xff, 0xf0, 0x0, 0x0, 0x7f, 0xf0,
    0xff, 0xfc, 0x0, 0x0, 0x1f, 0xfe, 0x1f, 0xff,
    0x0, 0x0, 0x3, 0xff, 0xc7, 0xff, 0xe0, 0x0,
    0x0, 0x7f, 0xf8, 0xff, 0xf8, 0x0, 0x0, 0xf,
    0xff, 0x3f, 0xff, 0x0, 0x0, 0x3, 0xff, 0xe7,
    0xff, 0xc0, 0x0, 0x0, 0x7f, 0xf8, 0xff, 0xf8,
    0x0, 0x0, 0xf, 0xff, 0x3f, 0xff, 0x0, 0x0,
    0x3, 0xff, 0xe7, 0xff, 0xc0, 0x0, 0x0, 0x7f,
    0xfc, 0xff, 0xf8, 0x0, 0x0, 0xf, 0xff, 0x1f,
    0xff, 0x0, 0x0, 0x3, 0xff, 0xe7, 0xff, 0xc0,
    0x0, 0x0, 0x7f, 0xfc, 0xff, 0xf8, 0x0, 0x0,
    0x1f, 0xff, 0x1f, 0xff, 0x0, 0x0, 0x3, 0xff,
    0xe3, 0xff, 0xe0, 0x0, 0x0, 0xff, 0xf8, 0x7f,
    0xfc, 0x0, 0x0, 0x1f, 0xff, 0xf, 0xff, 0x80,
    0x0, 0x7, 0xff, 0xc1, 0xff, 0xe0, 0x0, 0x0,
    0xff, 0xf8, 0x3f, 0xfc, 0x0, 0x0, 0x3f, 0xfe,
    0x7, 0xff, 0x80, 0x0, 0xf, 0xff, 0xc0, 0xff,
    0xf0, 0x0, 0x1, 0xff, 0xf0, 0x1f, 0xfe, 0x0,
    0x0, 0x7f, 0xfc, 0x3, 0xff, 0xe0, 0x0, 0x1f,
    0xff, 0x80, 0x3f, 0xfc, 0x0, 0x7, 0xff, 0xe0,
    0x7, 0xff, 0x80, 0x1, 0xff, 0xf8, 0x0, 0xff,
    0xf0, 0x0, 0x7f, 0xfe, 0x0, 0x1f, 0xff, 0x0,
    0x1f, 0xff, 0x80, 0x1, 0xff, 0xe0, 0x7, 0xff,
    0xe0, 0x0, 0x3f, 0xfe, 0x1, 0xff, 0xf8, 0x0,
    0x3, 0xff, 0xc0, 0xff, 0xfe, 0x0, 0x0, 0x3f,
    0xfe, 0x7f, 0xff, 0x80, 0x0, 0x7, 0xff, 0xff,
    0xff, 0xe0, 0x0, 0x0, 0x7f, 0xff, 0xff, 0xf8,
    0x0, 0x0, 0x7, 0xff, 0xff, 0xfc, 0x0, 0x0,
    0x0, 0x7f, 0xff, 0xff, 0x0, 0x0, 0x0, 0x3,
    0xff, 0xff, 0x80, 0x0, 0x0, 0x0, 0x3f, 0xff,
    0xc0, 0x0, 0x0, 0x0, 0x0, 0xff, 0xc0, 0x0,
    0x0, 0x0, 0x0, 0x0, 0x0, 0x0, 0x0, 0x0,
    0x0,

    /* U+0050 "P" */
    0x0, 0x0, 0x0, 0x0, 0x0, 0x0, 0x0, 0x0,
    0x0, 0x1, 0xc0, 0x0, 0x0, 0x0, 0x0, 0x0,
    0x1f, 0x80, 0x0, 0x0, 0x0, 0x0, 0x0, 0xff,
    0xff, 0xf0, 0x0, 0x0, 0x0, 0x7, 0xff, 0xff,
    0xf0, 0x0, 0x0, 0x0, 0x3f, 0xff, 0xff, 0xf0,
    0x0, 0x0, 0x1, 0xff, 0xff, 0xff, 0xf0, 0x0,
    0x0, 0x3f, 0xff, 0xff, 0xff, 0xe0, 0x0, 0x3,
    0xff, 0xff, 0xff, 0xff, 0xc0, 0x0, 0x3f, 0xff,
    0xff, 0xff, 0xff, 0x80, 0x3, 0xff, 0xff, 0xc0,
    0xff, 0xfe, 0x0, 0x7f, 0xff, 0xfe, 0x0, 0xff,
    0xfc, 0x7f, 0xff, 0xff, 0xf0, 0x0, 0xff, 0xf3,
    0xff, 0xff, 0xff, 0xc0, 0x1, 0xff, 0xe7, 0xff,
    0xff, 0xfe, 0x0, 0x7, 0xff, 0x9f, 0xff, 0x7f,
    0xf8, 0x0, 0xf, 0xfe, 0x1f, 0xe1, 0xff, 0xe0,
    0x0, 0x3f, 0xf8, 0x0, 0xf, 0xff, 0x0, 0x0,
    0xff, 0xe0, 0x0, 0x3f, 0xfc, 0x0, 0x3, 0xff,
    0x80, 0x0, 0xff, 0xf0, 0x0, 0xf, 0xfe, 0x0,
    0x7, 0xff, 0x80, 0x0, 0x7f, 0xf8, 0x0, 0x1f,
    0xfe, 0x0, 0x1, 0xff, 0xe0, 0x0, 0xff, 0xf0,
    0x0, 0x7, 0xff, 0x80, 0x3, 0xff, 0xc0, 0x0,
    0x3f, 0xfc, 0x0, 0xf, 0xff, 0x0, 0x1, 0xff,
    0xf0, 0x0, 0x7f, 0xf8, 0x0, 0xf, 0xff, 0x80,
    0x1, 0xff, 0xe0, 0x0, 0x7f, 0xfe, 0x0, 0xf,
    0xff, 0x80, 0x7, 0xff, 0xf0, 0x0, 0x3f, 0xff,
    0x80, 0xff, 0xff, 0x80, 0x0, 0xff, 0xff, 0xff,
    0xff, 0xfe, 0x0, 0x7, 0xff, 0xff, 0xff, 0xff,
    0xf0, 0x0, 0x1f, 0xff, 0xff, 0xff, 0xff, 0x80,
    0x0, 0x7f, 0xff, 0xff, 0xff, 0xfc, 0x0, 0x1,
    0xff, 0xff, 0xff, 0xff, 0xc0, 0x0, 0xf, 0xff,
    0xff, 0xff, 0xfe, 0x0, 0x0, 0x3f, 0xff, 0xff,
    0xff, 0xe0, 0x0, 0x0, 0xff, 0xe7, 0xff, 0xfc,
    0x0, 0x0, 0x7, 0xff, 0x81, 0xff, 0x0, 0x0,
    0x0, 0x1f, 0xfe, 0x0, 0x0, 0x0, 0x0, 0x0,
    0x7f, 0xf0, 0x0, 0x0, 0x0, 0x0, 0x1, 0xff,
    0xc0, 0x0, 0x0, 0x0, 0x0, 0xf, 0xff, 0x0,
    0x0, 0x0, 0x0, 0x0, 0x3f, 0xf8, 0x0, 0x0,
    0x0, 0x0, 0x0, 0xff, 0xe0, 0x0, 0x0, 0x0,
    0x0, 0x3, 0xff, 0x80, 0x0, 0x0, 0x0, 0x0,
    0xf, 0xfe, 0x0, 0x0, 0x0, 0x0, 0x0, 0x3f,
    0xf8, 0x0, 0x0, 0x0, 0x0, 0x1, 0xff, 0xc0,
    0x0, 0x0, 0x0, 0x0, 0x7, 0xff, 0x0, 0x0,
    0x0, 0x0, 0x0, 0x1f, 0xfc, 0x0, 0x0, 0x0,
    0x0, 0x0, 0x7f, 0xf0, 0x0, 0x0, 0x0, 0x0,
    0x1, 0xff, 0x80, 0x0, 0x0, 0x0, 0x0, 0x7,
    0xfe, 0x0, 0x0, 0x0, 0x0, 0x0, 0x1f, 0xf8,
    0x0, 0x0, 0x0, 0x0, 0x0, 0x7f, 0xc0, 0x0,
    0x0, 0x0, 0x0, 0x1, 0xff, 0x0, 0x0, 0x0,
    0x0, 0x0, 0x7, 0xf8, 0x0, 0x0, 0x0, 0x0,
    0x0, 0xf, 0xe0, 0x0, 0x0, 0x0, 0x0, 0x0,
    0x3f, 0x0, 0x0, 0x0, 0x0, 0x0, 0x0, 0x78,
    0x0, 0x0, 0x0, 0x0, 0x0,

    /* U+0051 "Q" */
    0x0, 0x0, 0x0, 0x0, 0x3f, 0x80, 0x0, 0x0,
    0x0, 0x0, 0x1f, 0xfe, 0x0, 0x0, 0x0, 0x0,
    0xf, 0xff, 0xe0, 0x0, 0x0, 0x0, 0x7, 0xff,
    0xfe, 0x0, 0x0, 0x0, 0x1, 0xff, 0xff, 0xe0,
    0x0, 0x0, 0x3, 0xff, 0xff, 0xfe, 0x0, 0x0,
    0x3, 0xff, 0xff, 0xff, 0xc0, 0x0, 0x1, 0xff,
    0xff, 0xff, 0xfc, 0x0, 0x0, 0xff, 0xff, 0xff,
    0xff, 0x80, 0x0, 0x3f, 0xff, 0xff, 0xff, 0xf8,
    0x0, 0x1f, 0xff, 0xff, 0xf, 0xff, 0x0, 0x7,
    0xff, 0xff, 0xc1, 0xff, 0xe0, 0x1, 0xff, 0xf3,
    0xf0, 0x3f, 0xfc, 0x0, 0x7f, 0xfc, 0xfc, 0x3,
    0xff, 0x80, 0x1f, 0xff, 0x1f, 0x0, 0x7f, 0xf8,
    0x7, 0xff, 0xc3, 0xe0, 0xf, 0xff, 0x1, 0xff,
    0xf0, 0x78, 0x1, 0xff, 0xe0, 0x3f, 0xfc, 0x1e,
    0x0, 0x3f, 0xfc, 0xf, 0xff, 0x3, 0xc0, 0x7,
    0xff, 0x83, 0xff, 0xe0, 0x70, 0x0, 0xff, 0xf0,
    0x7f, 0xf8, 0xe, 0x0, 0x1f, 0xfe, 0x1f, 0xfe,
    0x0, 0x80, 0x3, 0xff, 0xc3, 0xff, 0xc0, 0x0,
    0x0, 0x7f, 0xf8, 0xff, 0xf0, 0x0, 0x0, 0xf,
    0xff, 0x1f, 0xfe, 0x0, 0x0, 0x3, 0xff, 0xe3,
    0xff, 0x80, 0x0, 0x0, 0x7f, 0xf8, 0xff, 0xf0,
    0x0, 0x0, 0xf, 0xff, 0x1f, 0xfc, 0x0, 0x0,
    0x1, 0xff, 0xe3, 0xff, 0x80, 0x0, 0x0, 0x3f,
    0xfc, 0x7f, 0xf0, 0x0, 0x0, 0xf, 0xff, 0x9f,
    0xfc, 0x0, 0x0, 0x1, 0xff, 0xe3, 0xff, 0x80,
    0x0, 0x0, 0x7f, 0xfc, 0x7f, 0xf0, 0x0, 0x0,
    0xf, 0xff, 0x8f, 0xfe, 0x0, 0x0, 0x1, 0xff,
    0xe1, 0xff, 0x80, 0x0, 0x0, 0x7f, 0xfc, 0x3f,
    0xf0, 0x0, 0x0, 0xf, 0xff, 0x7, 0xfe, 0x0,
    0x0, 0x3, 0xff, 0xe0, 0xff, 0xc0, 0x0, 0x0,
    0x7f, 0xf8, 0x1f, 0xf8, 0x0, 0x0, 0x1f, 0xff,
    0x3, 0xff, 0x0, 0x0, 0x7, 0xff, 0xc0, 0x7f,
    0xe0, 0x0, 0x0, 0xff, 0xf8, 0xf, 0xfc, 0x0,
    0x0, 0x3f, 0xfe, 0x1, 0xff, 0x80, 0x0, 0xf,
    0xff, 0xc0, 0x3f, 0xf0, 0x0, 0x1, 0xff, 0xf0,
    0x7, 0xfe, 0x0, 0x0, 0x7f, 0xfc, 0x0, 0x7f,
    0xe0, 0x0, 0x1f, 0xff, 0x0, 0xf, 0xfc, 0x0,
    0x7, 0xff, 0xe0, 0x1, 0xff, 0xc0, 0x1, 0xff,
    0xf8, 0x0, 0x1f, 0xfc, 0x0, 0x7f, 0xfe, 0x0,
    0x3, 0xff, 0xc0, 0x1f, 0xff, 0x80, 0x0, 0x3f,
    0xfc, 0xf, 0xff, 0xe0, 0x0, 0x3, 0xff, 0xff,
    0xff, 0xf0, 0x0, 0x0, 0x7f, 0xff, 0xff, 0xfc,
    0x0, 0x0, 0x7, 0xff, 0xff, 0xff, 0x0, 0x0,
    0x0, 0xff, 0xff, 0xff, 0x80, 0x0, 0x0, 0x7f,
    0xff, 0xff, 0xc0, 0x0, 0x0, 0x1f, 0xff, 0xff,
    0xe0, 0x0, 0x0, 0x7, 0xff, 0xff, 0xe0, 0x0,
    0x0, 0x0, 0xff, 0xff, 0xf8, 0x0, 0x0, 0x0,
    0x3f, 0x8f, 0xff, 0x80, 0x0, 0x0, 0x7, 0xe0,
    0x7f, 0xf8, 0x0, 0x0, 0x0, 0xf8, 0x7, 0xff,
    0x80, 0x0, 0x0, 0x1e, 0x0, 0x7f, 0xf0, 0x0,
    0x0, 0x3, 0xc0, 0x7, 0xff, 0x0, 0x0, 0x0,
    0x78, 0x0, 0xff, 0xf0, 0x0, 0x0, 0xf, 0x0,
    0xf, 0xff, 0x0, 0x0, 0x1, 0xe0, 0x0, 0xff,
    0xe0, 0x0, 0x0, 0x1e, 0x0, 0x1f, 0xfe, 0x0,
    0x0, 0x3, 0xe0, 0x1, 0xff, 0xe0, 0x0, 0x0,
    0x3f, 0x0, 0x1f, 0xfe, 0x0, 0x0, 0x3, 0xf0,
    0x1, 0xff, 0xe0, 0x0, 0xc0, 0x18, 0x0, 0x1f,
    0xff, 0x0, 0x38, 0x0, 0x0, 0x3, 0xff, 0xf8,
    0x1f, 0x0, 0x0, 0x0, 0x1f, 0xff, 0xff, 0xe0,
    0x0, 0x0, 0x1, 0xff, 0xff, 0xf8, 0x0, 0x0,
    0x0, 0x1f, 0xff, 0xff, 0x0, 0x0, 0x0, 0x0,
    0xff, 0xff, 0x80, 0x0, 0x0, 0x0, 0x7, 0xff,
    0xe0, 0x0, 0x0, 0x0, 0x0, 0x3f, 0xe0, 0x0,
    0x0, 0x0, 0x0, 0x0, 0x0, 0x0,

    /* U+0052 "R" */
    0x0, 0x0, 0x0, 0x0, 0x0, 0x0, 0x0, 0x0,
    0x0, 0x3, 0x80, 0x0, 0x0, 0x0, 0x0, 0x0,
    0x7e, 0x0, 0x0, 0x0, 0x0, 0x0, 0x7, 0xff,
    0xc0, 0x0, 0x0, 0x0, 0x0, 0x7f, 0xff, 0xe0,
    0x0, 0x0, 0x0, 0x7, 0xff, 0xff, 0xc0, 0x0,
    0x0, 0x0, 0xff, 0xff, 0xff, 0x0, 0x0, 0x0,
    0x1f, 0xff, 0xff, 0xfe, 0x0, 0x0, 0x3, 0xff,
    0xff, 0xff, 0xf8, 0x0, 0x0, 0x7f, 0xff, 0xff,
    0xff, 0xe0, 0x0, 0xf, 0xff, 0xfc, 0x7, 0xff,
    0x1, 0xc1, 0xff, 0xff, 0xe0, 0x1f, 0xfc, 0xf,
    0xff, 0xff, 0xfe, 0x0, 0x7f, 0xf0, 0x3f, 0xff,
    0xff, 0xf0, 0x3, 0xff, 0x81, 0xff, 0xff, 0xff,
    0x80, 0x1f, 0xfc, 0x7, 0xff, 0xff, 0xf8, 0x0,
    0xff, 0xf0, 0xf, 0xfb, 0xff, 0xc0, 0x7, 0xff,
    0x80, 0x0, 0x1f, 0xfc, 0x0, 0x3f, 0xfc, 0x0,
    0x1, 0xff, 0xe0, 0x1, 0xff, 0xe0, 0x0, 0xf,
    0xfe, 0x0, 0x1f, 0xff, 0x0, 0x0, 0xff, 0xf0,
    0x0, 0xff, 0xf8, 0x0, 0x7, 0xff, 0x80, 0xf,
    0xff, 0xc0, 0x0, 0x7f, 0xf8, 0x0, 0xff, 0xfe,
    0x0, 0x3, 0xff, 0xc0, 0x7, 0xff, 0xe0, 0x0,
    0x3f, 0xfc, 0x0, 0x7f, 0xff, 0x0, 0x1, 0xff,
    0xe0, 0x7, 0xff, 0xf8, 0x0, 0x1f, 0xff, 0x0,
    0xff, 0xff, 0x80, 0x0, 0xff, 0xf0, 0xf, 0xff,
    0xfc, 0x0, 0x7, 0xff, 0x81, 0xff, 0xff, 0xc0,
    0x0, 0x7f, 0xff, 0xff, 0xff, 0xfc, 0x0, 0x3,
    0xff, 0xff, 0xff, 0xff, 0xc0, 0x0, 0x3f, 0xff,
    0xff, 0xff, 0xfc, 0x0, 0x1, 0xff, 0xff, 0xff,
    0xff, 0xc0, 0x0, 0xf, 0xff, 0xff, 0xff, 0xfc,
    0x0, 0x0, 0xff, 0xff, 0xff, 0xff, 0x80, 0x0,
    0x7, 0xff, 0xff, 0xff, 0xf0, 0x0, 0x0, 0x3f,
    0xff, 0xff, 0xfc, 0x0, 0x0, 0x3, 0xff, 0xff,
    0xff, 0x0, 0x0, 0x0, 0x1f, 0xff, 0xff, 0xc0,
    0x0, 0x0, 0x0, 0xff, 0xef, 0xff, 0x0, 0x0,
    0x0, 0xf, 0xff, 0x7f, 0xf8, 0x0, 0x0, 0x0,
    0x7f, 0xfb, 0xff, 0xe0, 0x0, 0x0, 0x3, 0xff,
    0x8f, 0xff, 0x0, 0x0, 0x0, 0x3f, 0xfc, 0x7f,
    0xfc, 0x0, 0x0, 0x1, 0xff, 0xe3, 0xff, 0xe0,
    0x0, 0x0, 0xf, 0xff, 0xf, 0xff, 0x80, 0x0,
    0x0, 0x7f, 0xf8, 0x7f, 0xfc, 0x0, 0x0, 0x7,
    0xff, 0x81, 0xff, 0xf0, 0x0, 0x0, 0x3f, 0xfc,
    0xf, 0xff, 0xc0, 0x0, 0x1, 0xff, 0xe0, 0x3f,
    0xfe, 0x0, 0x0, 0xf, 0xff, 0x1, 0xff, 0xf8,
    0x0, 0x0, 0x7f, 0xf0, 0x7, 0xff, 0xe0, 0x0,
    0x3, 0xff, 0x80, 0x1f, 0xff, 0x80, 0x0, 0x1f,
    0xfc, 0x0, 0xff, 0xfe, 0x0, 0x0, 0xff, 0xc0,
    0x3, 0xff, 0xf8, 0x0, 0x7, 0xfe, 0x0, 0xf,
    0xff, 0xc0, 0x0, 0x1f, 0xe0, 0x0, 0x3f, 0xff,
    0x0, 0x0, 0xfe, 0x0, 0x1, 0xff, 0xfe, 0x0,
    0x3, 0xe0, 0x0, 0x7, 0xff, 0xf8, 0x0, 0x0,
    0x0, 0x0, 0xf, 0xff, 0xe0, 0x0, 0x0, 0x0,
    0x0, 0x3f, 0xff, 0x80, 0x0, 0x0, 0x0, 0x0,
    0xff, 0xff, 0x0, 0x0, 0x0, 0x0, 0x3, 0xff,
    0xfc, 0x0, 0x0, 0x0, 0x0, 0x7, 0xff, 0xf8,
    0x0, 0x0, 0x0, 0x0, 0xf, 0xff, 0xf0, 0x0,
    0x0, 0x0, 0x0, 0x1f, 0xff, 0xc0, 0x0, 0x0,
    0x0, 0x0, 0x3f, 0xfe, 0x0, 0x0, 0x0, 0x0,
    0x0, 0x7, 0x0,

    /* U+0053 "S" */
    0x0, 0x0, 0x0, 0x0, 0x0, 0x0, 0x0, 0x0,
    0x0, 0x7f, 0xf0, 0x0, 0x0, 0x0, 0xf, 0xff,
    0xe0, 0x0, 0x0, 0x1, 0xff, 0xff, 0x80, 0x0,
    0x0, 0x3f, 0xff, 0xfe, 0x0, 0x0, 0x3, 0xff,
    0xff, 0xf8, 0x0, 0x0, 0x3f, 0xff, 0xff, 0xc0,
    0x0, 0x3, 0xff, 0xff, 0xfe, 0x0, 0x0, 0x3f,
    0xff, 0x87, 0xf0, 0x0, 0x3, 0xff, 0xe0, 0x1f,
    0x80, 0x0, 0x1f, 0xfe, 0x0, 0x7c, 0x0, 0x1,
    0xff, 0xc0, 0x3, 0xe0, 0x0, 0xf, 0xfe, 0x0,
    0x1f, 0x0, 0x0, 0x7f, 0xe0, 0x1, 0xf8, 0x0,
    0x7, 0xfe, 0x0, 0xf, 0x80, 0x0, 0x3f, 0xf0,
    0x0, 0xf8, 0x0, 0x1, 0xff, 0x80, 0x7, 0x80,
    0x0, 0xf, 0xfc, 0x0, 0x78, 0x0, 0x0, 0x7f,
    0xe0, 0x3, 0x80, 0x0, 0x3, 0xff, 0x80, 0x0,
    0x0, 0x0, 0x1f, 0xfe, 0x0, 0x0, 0x0, 0x0,
    0x7f, 0xf0, 0x0, 0x0, 0x0, 0x3, 0xff, 0xc0,
    0x0, 0x0, 0x0, 0x1f, 0xff, 0x0, 0x0, 0x0,
    0x0, 0x7f, 0xfc, 0x0, 0x0, 0x0, 0x1, 0xff,
    0xf0, 0x0, 0x0, 0x0, 0xf, 0xff, 0xe0, 0x0,
    0x0, 0x0, 0x3f, 0xff, 0x80, 0x0, 0x0, 0x0,
    0xff, 0xfe, 0x0, 0x0, 0x0, 0x3, 0xff, 0xf8,
    0x0, 0x0, 0x0, 0xf, 0xff, 0xe0, 0x0, 0x0,
    0x0, 0x3f, 0xff, 0x80, 0x0, 0x0, 0x0, 0xff,
    0xfe, 0x0, 0x0, 0x0, 0x3, 0xff, 0xf0, 0x0,
    0x0, 0x0, 0xf, 0xff, 0xc0, 0x0, 0x7c, 0x0,
    0x3f, 0xfe, 0x0, 0xf, 0xfc, 0x1, 0xff, 0xf8,
    0x1, 0xff, 0xf0, 0x7, 0xff, 0xc0, 0x1f, 0xff,
    0xc0, 0x1f, 0xff, 0x1, 0xff, 0xff, 0x0, 0xff,
    0xf8, 0x1f, 0xff, 0xf8, 0x3, 0xff, 0xc1, 0xff,
    0xe3, 0xe0, 0x1f, 0xfe, 0xf, 0xfc, 0xf, 0x0,
    0xff, 0xf8, 0xff, 0xc0, 0x38, 0x7, 0xff, 0xc7,
    0xfc, 0x1, 0x80, 0x3f, 0xfe, 0x3f, 0xc0, 0x0,
    0x1, 0xff, 0xe3, 0xfe, 0x0, 0x0, 0xf, 0xff,
    0x1f, 0xf0, 0x0, 0x0, 0x7f, 0xf8, 0xff, 0x80,
    0x0, 0x7, 0xff, 0xc7, 0xfc, 0x0, 0x0, 0x3f,
    0xfe, 0x3f, 0xe0, 0x0, 0x3, 0xff, 0xe0, 0xff,
    0x0, 0x0, 0x1f, 0xff, 0x7, 0xfc, 0x0, 0x1,
    0xff, 0xf0, 0x3f, 0xf0, 0x0, 0xf, 0xff, 0x81,
    0xff, 0xc0, 0x0, 0xff, 0xf8, 0x7, 0xff, 0x0,
    0xf, 0xff, 0x80, 0x3f, 0xfe, 0x1, 0xff, 0xfc,
    0x0, 0xff, 0xff, 0xff, 0xff, 0xc0, 0x3, 0xff,
    0xff, 0xff, 0xfc, 0x0, 0xf, 0xff, 0xff, 0xff,
    0xc0, 0x0, 0x3f, 0xff, 0xff, 0xf8, 0x0, 0x0,
    0xff, 0xff, 0xff, 0x80, 0x0, 0x1, 0xff, 0xff,
    0xf0, 0x0, 0x0, 0x3, 0xff, 0xfe, 0x0, 0x0,
    0x0, 0x1, 0xff, 0x0, 0x0, 0x0,

    /* U+0054 "T" */
    0x0, 0x1, 0xff, 0xc0, 0x0, 0x0, 0x0, 0x0,
    0x1, 0xff, 0xff, 0xf0, 0x0, 0x0, 0x6, 0x0,
    0x7f, 0xff, 0xff, 0xf8, 0x0, 0x1, 0xe0, 0x1f,
    0xff, 0xff, 0xff, 0xfe, 0x1, 0xfe, 0x3, 0xff,
    0xff, 0xff, 0xff, 0xff, 0xff, 0xc0, 0x7f, 0xff,
    0xff, 0xff, 0xff, 0xff, 0xf8, 0xf, 0xff, 0xff,
    0xff, 0xff, 0xff, 0xff, 0x1, 0xff, 0xff, 0xff,
    0xff, 0xff, 0xff, 0xc0, 0x3f, 0xff, 0xff, 0xff,
    0xff, 0xff, 0xf0, 0x3, 0xff, 0xc0, 0xff, 0xff,
    0xff, 0xf8, 0x0, 0x7f, 0xe0, 0x0, 0x7f, 0xff,
    0xf8, 0x0, 0x7, 0xf8, 0x0, 0xf, 0xfc, 0x0,
    0x0, 0x0, 0xfe, 0x0, 0x1, 0xff, 0x80, 0x0,
    0x0, 0xf, 0xc0, 0x0, 0x1f, 0xf0, 0x0, 0x0,
    0x0, 0xfc, 0x0, 0x3, 0xff, 0x0, 0x0, 0x0,
    0xf, 0x80, 0x0, 0x7f, 0xe0, 0x0, 0x0, 0x0,
    0xf8, 0x0, 0x7, 0xfe, 0x0, 0x0, 0x0, 0xf,
    0x80, 0x0, 0xff, 0xc0, 0x0, 0x0, 0x0, 0xfc,
    0x0, 0x1f, 0xfc, 0x0, 0x0, 0x0, 0x7, 0xc1,
    0xc1, 0xff, 0x80, 0x0, 0x0, 0x0, 0x7f, 0xfc,
    0x3f, 0xf8, 0x0, 0x0, 0x0, 0x3, 0xff, 0x83,
    0xff, 0x80, 0x0, 0x0, 0x0, 0x1f, 0xf0, 0x7f,
    0xf0, 0x0, 0x0, 0x0, 0x0, 0xfe, 0x7, 0xff,
    0x0, 0x0, 0x0, 0x0, 0x1, 0x0, 0xff, 0xe0,
    0x0, 0x0, 0x0, 0x0, 0x0, 0xf, 0xfe, 0x0,
    0x0, 0x0, 0x0, 0x0, 0x1, 0xff, 0xe0, 0x0,
    0x0, 0x0, 0x0, 0x0, 0x1f, 0xfc, 0x0, 0x0,
    0x0, 0x0, 0x0, 0x1, 0xff, 0xc0, 0x0, 0x0,
    0x0, 0x0, 0x0, 0x3f, 0xfc, 0x0, 0x0, 0x0,
    0x0, 0x0, 0x3, 0xff, 0x80, 0x0, 0x0, 0x0,
    0x0, 0x0, 0x3f, 0xf8, 0x0, 0x0, 0x0, 0x0,
    0x0, 0x7, 0xff, 0x80, 0x0, 0x0, 0x0, 0x0,
    0x0, 0x7f, 0xf0, 0x0, 0x0, 0x0, 0x0, 0x0,
    0x7, 0xff, 0x0, 0x0, 0x0, 0x0, 0x0, 0x0,
    0xff, 0xf0, 0x0, 0x0, 0x0, 0x0, 0x0, 0xf,
    0xff, 0x0, 0x0, 0x0, 0x0, 0x0, 0x0, 0xff,
    0xe0, 0x0, 0x0, 0x0, 0x0, 0x0, 0xf, 0xfe,
    0x0, 0x0, 0x0, 0x0, 0x0, 0x1, 0xff, 0xe0,
    0x0, 0x0, 0x0, 0x0, 0x0, 0x1f, 0xfc, 0x0,
    0x0, 0x0, 0x0, 0x0, 0x1, 0xff, 0xc0, 0x0,
    0x0, 0x0, 0x0, 0x0, 0x1f, 0xfc, 0x0, 0x0,
    0x0, 0x0, 0x0, 0x1, 0xff, 0xc0, 0x0, 0x0,
    0x0, 0x0, 0x0, 0x3f, 0xfc, 0x0, 0x0, 0x0,
    0x0, 0x0, 0x3, 0xff, 0x80, 0x0, 0x0, 0x0,
    0x0, 0x0, 0x3f, 0xf8, 0x0, 0x0, 0x0, 0x0,
    0x0, 0x3, 0xff, 0x80, 0x0, 0x0, 0x0, 0x0,
    0x0, 0x3f, 0xf8, 0x0, 0x0, 0x0, 0x0, 0x0,
    0x3, 0xff, 0x80, 0x0, 0x0, 0x0, 0x0, 0x0,
    0x3f, 0xf8, 0x0, 0x0, 0x0, 0x0, 0x0, 0x3,
    0xff, 0x80, 0x0, 0x0, 0x0, 0x0, 0x0, 0x3f,
    0xf0, 0x0, 0x0, 0x0, 0x0, 0x0, 0x3, 0xff,
    0x0, 0x0, 0x0, 0x0, 0x0, 0x0, 0x1f, 0xf0,
    0x0, 0x0, 0x0, 0x0, 0x0, 0x1, 0xff, 0x0,
    0x0, 0x0, 0x0, 0x0, 0x0, 0x1f, 0xe0, 0x0,
    0x0, 0x0, 0x0, 0x0, 0x0, 0xfe, 0x0, 0x0,
    0x0, 0x0, 0x0, 0x0, 0xf, 0xe0, 0x0, 0x0,
    0x0, 0x0, 0x0, 0x0, 0x7c, 0x0, 0x0, 0x0,
    0x0, 0x0, 0x0, 0x1, 0x80, 0x0, 0x0, 0x0,
    0x0, 0x0,

    /* U+0055 "U" */
    0x0, 0x0, 0x0, 0x0, 0x0, 0x0, 0x0, 0x0,
    0x0, 0x0, 0x0, 0x0, 0xf, 0x80, 0x0, 0x3,
    0x0, 0x0, 0x0, 0xfe, 0x0, 0x0, 0x7c, 0x0,
    0x0, 0xf, 0xf0, 0x0, 0x7, 0xf0, 0x0, 0x0,
    0xff, 0x80, 0x0, 0x7f, 0x80, 0x0, 0xf, 0xfc,
    0x0, 0x7, 0xfc, 0x0, 0x0, 0x7f, 0xe0, 0x0,
    0xff, 0xe0, 0x0, 0x7, 0xff, 0x0, 0x1f, 0xff,
    0x0, 0x0, 0x3f, 0xf0, 0x1, 0xff, 0xf8, 0x0,
    0x3, 0xff, 0x80, 0x7f, 0xff, 0xc0, 0x0, 0x1f,
    0xfc, 0xff, 0xff, 0xfe, 0x0, 0x1, 0xff, 0xef,
    0xff, 0xff, 0xe0, 0x0, 0xf, 0xfe, 0x3f, 0xff,
    0xff, 0x0, 0x0, 0xff, 0xf0, 0xff, 0xff, 0xf8,
    0x0, 0x7, 0xff, 0x81, 0xff, 0xff, 0x80, 0x0,
    0x3f, 0xf8, 0x0, 0x7f, 0xfc, 0x0, 0x3, 0xff,
    0xc0, 0x3, 0xff, 0xe0, 0x0, 0x1f, 0xfe, 0x0,
    0x3f, 0xfe, 0x0, 0x1, 0xff, 0xf0, 0x1, 0xff,
    0xf0, 0x0, 0xf, 0xff, 0x0, 0xf, 0xff, 0x80,
    0x0, 0x7f, 0xf8, 0x0, 0xff, 0xf8, 0x0, 0x7,
    0xff, 0xc0, 0x7, 0xff, 0xc0, 0x0, 0x3f, 0xfe,
    0x0, 0x3f, 0xfe, 0x0, 0x1, 0xff, 0xe0, 0x3,
    0xff, 0xf0, 0x0, 0xf, 0xff, 0x0, 0x1f, 0xff,
    0x0, 0x0, 0xff, 0xf8, 0x0, 0xff, 0xf8, 0x0,
    0x7, 0xff, 0xc0, 0xf, 0xff, 0xc0, 0x0, 0x3f,
    0xfc, 0x0, 0x7f, 0xfc, 0x0, 0x1, 0xff, 0xe0,
    0x7, 0xff, 0xe0, 0x0, 0x1f, 0xff, 0x0, 0x3f,
    0xff, 0x0, 0x0, 0xff, 0xf8, 0x1, 0xff, 0xf8,
    0x0, 0x7, 0xff, 0xc0, 0x1f, 0xff, 0x80, 0x0,
    0x3f, 0xfc, 0x0, 0xff, 0xfc, 0x0, 0x1, 0xff,
    0xe0, 0x7, 0xff, 0xe0, 0x0, 0x1f, 0xff, 0x0,
    0x3f, 0xff, 0x0, 0x0, 0xff, 0xf8, 0x1, 0xff,
    0xf0, 0x0, 0x7, 0xff, 0xc0, 0x1f, 0xff, 0x80,
    0x0, 0x3f, 0xfe, 0x0, 0xff, 0xfc, 0x0, 0x1,
    0xff, 0xe0, 0x7, 0xff, 0xe0, 0x0, 0x1f, 0xff,
    0x0, 0x3f, 0xff, 0x0, 0x0, 0xff, 0xf8, 0x1,
    0xff, 0xf0, 0x0, 0xf, 0xff, 0xc0, 0xf, 0xff,
    0x80, 0x0, 0xff, 0xfe, 0x0, 0x7f, 0xfc, 0x0,
    0xf, 0xff, 0xf0, 0x3, 0xff, 0xe0, 0x0, 0xff,
    0xff, 0x80, 0x1f, 0xff, 0x0, 0x1f, 0xff, 0xfc,
    0x0, 0xff, 0xf8, 0x1, 0xff, 0xff, 0xe0, 0x7,
    0xff, 0xc0, 0x1f, 0xff, 0xff, 0x0, 0x3f, 0xfe,
    0x3, 0xff, 0xff, 0xf8, 0x0, 0xff, 0xf0, 0x7f,
    0xf7, 0xff, 0xc0, 0x7, 0xff, 0xdf, 0xff, 0x3f,
    0xfc, 0x0, 0x3f, 0xff, 0xff, 0xf1, 0xff, 0xe0,
    0x1, 0xff, 0xff, 0xff, 0xf, 0xff, 0x0, 0x7,
    0xff, 0xff, 0xf0, 0x7f, 0xf8, 0x0, 0x3f, 0xff,
    0xff, 0x3, 0xff, 0x80, 0x0, 0xff, 0xff, 0xe0,
    0xf, 0xfc, 0x0, 0x7, 0xff, 0xfe, 0x0, 0x7f,
    0xc0, 0x0, 0x1f, 0xff, 0xc0, 0x1, 0xfe, 0x0,
    0x0, 0x7f, 0xf8, 0x0, 0x7, 0xe0, 0x0, 0x0,
    0xff, 0x0, 0x0, 0x8, 0x0, 0x0,

    /* U+0056 "V" */
    0x0, 0x0, 0x0, 0x0, 0x0, 0x0, 0x0, 0x0,
    0x0, 0x0, 0x0, 0x0, 0xfe, 0x0, 0x0, 0x0,
    0x0, 0x0, 0xf, 0xfc, 0x0, 0x0, 0x0, 0x0,
    0x0, 0x3f, 0xf8, 0x0, 0x0, 0x0, 0x0, 0x0,
    0x7f, 0xf0, 0x0, 0x0, 0x0, 0x0, 0x0, 0x7f,
    0xe0, 0x0, 0x1, 0x0, 0x0, 0x0, 0xff, 0x80,
    0x0, 0x1e, 0x0, 0x0, 0x1, 0xfe, 0x0, 0x0,
    0xfc, 0x0, 0x0, 0x3, 0xfc, 0x0, 0x7, 0xf0,
    0x0, 0x0, 0xf, 0xf0, 0x0, 0x3f, 0xe0, 0x0,
    0x0, 0x3f, 0xc0, 0x1, 0xff, 0x80, 0x0, 0x0,
    0xff, 0x0, 0xf, 0xfe, 0x0, 0x0, 0x3, 0xfc,
    0x0, 0x7f, 0xf8, 0x0, 0x0, 0xf, 0xf0, 0x7,
    0xff, 0xf0, 0x0, 0x0, 0x7f, 0xd8, 0xff, 0xff,
    0xc0, 0x0, 0x1, 0xff, 0xff, 0xff, 0xff, 0x0,
    0x0, 0x7, 0xff, 0xff, 0xff, 0xfc, 0x0, 0x0,
    0x1f, 0xe7, 0xff, 0xff, 0xf0, 0x0, 0x0, 0xff,
    0x9f, 0xff, 0xff, 0xc0, 0x0, 0x3, 0xfe, 0x1f,
    0xff, 0xff, 0x0, 0x0, 0x1f, 0xf8, 0x1f, 0xff,
    0xfc, 0x0, 0x0, 0x7f, 0xc0, 0x0, 0xff, 0xf0,
    0x0, 0x1, 0xff, 0x0, 0x1, 0xff, 0xc0, 0x0,
    0xf, 0xfc, 0x0, 0x7, 0xff, 0x0, 0x0, 0x3f,
    0xe0, 0x0, 0x1f, 0xfc, 0x0, 0x1, 0xff, 0x80,
    0x0, 0x7f, 0xf0, 0x0, 0x7, 0xfc, 0x0, 0x1,
    0xff, 0xc0, 0x0, 0x3f, 0xf0, 0x0, 0x7, 0xff,
    0x0, 0x1, 0xff, 0x80, 0x0, 0x1f, 0xfc, 0x0,
    0x7, 0xfe, 0x0, 0x0, 0x7f, 0xf0, 0x0, 0x3f,
    0xf0, 0x0, 0x1, 0xff, 0xc0, 0x0, 0xff, 0xc0,
    0x0, 0x7, 0xff, 0x0, 0x7, 0xfe, 0x0, 0x0,
    0x1f, 0xfc, 0x0, 0x3f, 0xf8, 0x0, 0x0, 0x7f,
    0xf0, 0x0, 0xff, 0xc0, 0x0, 0x1, 0xff, 0xc0,
    0x7, 0xfe, 0x0, 0x0, 0x7, 0xff, 0x0, 0x3f,
    0xf8, 0x0, 0x0, 0x1f, 0xfc, 0x0, 0xff, 0xc0,
    0x0, 0x0, 0x7f, 0xf0, 0x7, 0xfe, 0x0, 0x0,
    0x1, 0xff, 0xc0, 0x3f, 0xf8, 0x0, 0x0, 0x7,
    0xff, 0x1, 0xff, 0xc0, 0x0, 0x0, 0x1f, 0xfc,
    0x7, 0xfe, 0x0, 0x0, 0x0, 0x7f, 0xf0, 0x3f,
    0xf0, 0x0, 0x0, 0x1, 0xff, 0xc1, 0xff, 0xc0,
    0x0, 0x0, 0x7, 0xff, 0xf, 0xfe, 0x0, 0x0,
    0x0, 0x1f, 0xfc, 0x7f, 0xf0, 0x0, 0x0, 0x0,
    0x7f, 0xf1, 0xff, 0x80, 0x0, 0x0, 0x1, 0xff,
    0xcf, 0xfc, 0x0, 0x0, 0x0, 0x7, 0xff, 0x7f,
    0xf0, 0x0, 0x0, 0x0, 0x1f, 0xff, 0xff, 0x80,
    0x0, 0x0, 0x0, 0x7f, 0xff, 0xfc, 0x0, 0x0,
    0x0, 0x1, 0xff, 0xff, 0xe0, 0x0, 0x0, 0x0,
    0x7, 0xff, 0xff, 0x0, 0x0, 0x0, 0x0, 0x1f,
    0xff, 0xf8, 0x0, 0x0, 0x0, 0x0, 0x7f, 0xff,
    0xe0, 0x0, 0x0, 0x0, 0x1, 0xff, 0xff, 0x0,
    0x0, 0x0, 0x0, 0x7, 0xff, 0xf8, 0x0, 0x0,
    0x0, 0x0, 0x1f, 0xff, 0xc0, 0x0, 0x0, 0x0,
    0x0, 0x3f, 0xfe, 0x0, 0x0, 0x0, 0x0, 0x0,
    0xff, 0xf0, 0x0, 0x0, 0x0, 0x0, 0x1, 0xff,
    0x80, 0x0, 0x0, 0x0, 0x0, 0x7, 0xf8, 0x0,
    0x0, 0x0, 0x0, 0x0, 0x7, 0x80, 0x0, 0x0,
    0x0, 0x0,

    /* U+0057 "W" */
    0x0, 0x0, 0x0, 0x0, 0x0, 0x0, 0x0, 0x4,
    0x0, 0x0, 0x0, 0x0, 0x0, 0x0, 0x0, 0x0,
    0x3f, 0x80, 0x0, 0x0, 0x0, 0x0, 0x0, 0x0,
    0x0, 0x7f, 0xc0, 0x0, 0x0, 0x0, 0x0, 0x0,
    0x0, 0x0, 0x3f, 0xc0, 0x0, 0x0, 0x0, 0x0,
    0x0, 0x0, 0x0, 0x3f, 0x80, 0x0, 0x0, 0x0,
    0x0, 0x0, 0x0, 0x0, 0x7f, 0x80, 0x0, 0x8,
    0x0, 0x0, 0x0, 0x0, 0x0, 0xff, 0x0, 0x0,
    0x38, 0x0, 0x0, 0x0, 0x0, 0x1, 0xfe, 0x0,
    0x0, 0xf8, 0x0, 0x0, 0x0, 0x0, 0x3, 0xfc,
    0x0, 0x7, 0xf0, 0x0, 0x0, 0xe0, 0x0, 0x7,
    0xf8, 0x0, 0x1f, 0xe0, 0x0, 0x3, 0xe0, 0x0,
    0xf, 0xf0, 0x0, 0xff, 0xc0, 0x0, 0x7, 0xe0,
    0x0, 0x1f, 0xe4, 0xf, 0xff, 0xc0, 0x0, 0x1f,
    0xc0, 0x0, 0x3f, 0xdf, 0xff, 0xff, 0x80, 0x0,
    0x3f, 0x80, 0x0, 0x7f, 0xbf, 0xff, 0xff, 0x0,
    0x0, 0xff, 0x0, 0x0, 0xff, 0x3f, 0xff, 0xfe,
    0x0, 0x1, 0xfe, 0x0, 0x1, 0xfe, 0x3f, 0xff,
    0xfc, 0x0, 0x3, 0xfc, 0x0, 0x7, 0xf8, 0x1f,
    0xff, 0xf8, 0x0, 0xf, 0xf8, 0x0, 0xf, 0xf0,
    0x0, 0xff, 0xf0, 0x0, 0x1f, 0xf0, 0x0, 0x1f,
    0xe0, 0x0, 0xff, 0xe0, 0x0, 0x3f, 0xe0, 0x0,
    0x7f, 0x80, 0x1, 0xff, 0xc0, 0x0, 0xff, 0xc0,
    0x0, 0xff, 0x0, 0x3, 0xff, 0x80, 0x1, 0xff,
    0x80, 0x1, 0xfc, 0x0, 0x7, 0xff, 0x0, 0x7,
    0xff, 0x0, 0x7, 0xf8, 0x0, 0xf, 0xfe, 0x0,
    0xf, 0xfe, 0x0, 0xf, 0xe0, 0x0, 0x1f, 0xfc,
    0x0, 0x3f, 0xfc, 0x0, 0x3f, 0xc0, 0x0, 0x3f,
    0xf8, 0x0, 0x7f, 0xf8, 0x0, 0x7f, 0x80, 0x0,
    0x7f, 0xf0, 0x1, 0xff, 0xf0, 0x1, 0xfe, 0x0,
    0x0, 0xff, 0xe0, 0x3, 0xff, 0xe0, 0x3, 0xfc,
    0x0, 0x1, 0xff, 0xc0, 0xf, 0xff, 0xc0, 0xf,
    0xf0, 0x0, 0x3, 0xff, 0x80, 0x1f, 0xff, 0x80,
    0x1f, 0xe0, 0x0, 0x7, 0xff, 0x0, 0x7f, 0xff,
    0x0, 0x7f, 0x80, 0x0, 0xf, 0xfe, 0x0, 0xff,
    0xfe, 0x0, 0xff, 0x0, 0x0, 0x1f, 0xfc, 0x3,
    0xff, 0xfc, 0x3, 0xfc, 0x0, 0x0, 0x3f, 0xf8,
    0x7, 0xff, 0xf8, 0x7, 0xf8, 0x0, 0x0, 0x7f,
    0xf0, 0x1f, 0xff, 0xf0, 0x1f, 0xe0, 0x0, 0x0,
    0xff, 0xe0, 0x7f, 0xff, 0xe0, 0x7f, 0xc0, 0x0,
    0x1, 0xff, 0xc0, 0xff, 0xff, 0xc0, 0xff, 0x0,
    0x0, 0x3, 0xff, 0x83, 0xff, 0xff, 0x83, 0xfe,
    0x0, 0x0, 0x7, 0xff, 0xf, 0xf7, 0xff, 0xf,
    0xf8, 0x0, 0x0, 0x1f, 0xfe, 0x1f, 0xcf, 0xfe,
    0x1f, 0xe0, 0x0, 0x0, 0x3f, 0xfc, 0x7f, 0x9f,
    0xfc, 0x7f, 0xc0, 0x0, 0x0, 0x7f, 0xf9, 0xfe,
    0x3f, 0xf9, 0xff, 0x0, 0x0, 0x0, 0xff, 0xf3,
    0xf8, 0x7f, 0xf3, 0xfe, 0x0, 0x0, 0x1, 0xff,
    0xef, 0xf0, 0xff, 0xef, 0xf8, 0x0, 0x0, 0x3,
    0xff, 0xff, 0xc1, 0xff, 0xff, 0xf0, 0x0, 0x0,
    0x7, 0xff, 0xff, 0x3, 0xff, 0xff, 0xc0, 0x0,
    0x0, 0xf, 0xff, 0xfe, 0x7, 0xff, 0xff, 0x0,
    0x0, 0x0, 0x1f, 0xff, 0xf8, 0xf, 0xff, 0xfe,
    0x0, 0x0, 0x0, 0x3f, 0xff, 0xe0, 0x1f, 0xff,
    0xf8, 0x0, 0x0, 0x0, 0x7f, 0xff, 0xc0, 0x3f,
    0xff, 0xf0, 0x0, 0x0, 0x0, 0xff, 0xff, 0x0,
    0x7f, 0xff, 0xc0, 0x0, 0x0, 0x1, 0xff, 0xfc,
    0x0, 0xff, 0xff, 0x0, 0x0, 0x0, 0x3, 0xff,
    0xf8, 0x1, 0xff, 0xfe, 0x0, 0x0, 0x0, 0x7,
    0xff, 0xe0, 0x3, 0xff, 0xf8, 0x0, 0x0, 0x0,
    0xf, 0xff, 0x80, 0x7, 0xff, 0xe0, 0x0, 0x0,
    0x0, 0xf, 0xff, 0x0, 0xf, 0xff, 0x80, 0x0,
    0x0, 0x0, 0x1f, 0xfc, 0x0, 0xf, 0xfe, 0x0,
    0x0, 0x0, 0x0, 0x3f, 0xf0, 0x0, 0x1f, 0xfc,
    0x0, 0x0, 0x0, 0x0, 0x3f, 0xc0, 0x0, 0x3f,
    0xf0, 0x0, 0x0, 0x0, 0x0, 0x7f, 0x0, 0x0,
    0x3f, 0xc0, 0x0, 0x0, 0x0, 0x0, 0x7c, 0x0,
    0x0, 0x7f, 0x0, 0x0, 0x0, 0x0, 0x0, 0x0,
    0x0, 0x0, 0x78, 0x0, 0x0, 0x0, 0x0,

    /* U+0058 "X" */
    0x0, 0x0, 0x0, 0x0, 0x0, 0x0, 0x0, 0x0,
    0x0, 0x0, 0x1, 0xe0, 0x0, 0x0, 0x7e, 0x0,
    0x0, 0x0, 0xf, 0xc0, 0x0, 0xf, 0xfe, 0x0,
    0x0, 0x0, 0x7f, 0x0, 0x0, 0x7f, 0xfc, 0x0,
    0x0, 0x3, 0xfe, 0x0, 0x1, 0xff, 0xf8, 0x0,
    0x0, 0x1f, 0xf8, 0x0, 0x0, 0x1f, 0xe0, 0x0,
    0x0, 0xff, 0xe0, 0x0, 0x0, 0x3f, 0x80, 0x0,
    0x7, 0xff, 0xc0, 0x0, 0x0, 0xff, 0x0, 0x0,
    0x3f, 0xff, 0x0, 0x0, 0x3, 0xfc, 0x0, 0x1,
    0xff, 0xfc, 0x0, 0x0, 0x1f, 0xe0, 0x0, 0xf,
    0xff, 0xf0, 0x0, 0x0, 0x7f, 0x80, 0x0, 0x7f,
    0xff, 0xe0, 0x0, 0x3, 0xfe, 0x0, 0x3, 0xff,
    0xff, 0x80, 0x0, 0x1f, 0xf8, 0x0, 0x3f, 0xff,
    0xfe, 0x0, 0x0, 0xff, 0xc0, 0x3, 0xff, 0xff,
    0xf8, 0x0, 0xf, 0xff, 0x0, 0x3f, 0xf9, 0xff,
    0xe0, 0x0, 0x7f, 0xf8, 0x3, 0xff, 0xc7, 0xff,
    0xc0, 0x3, 0xff, 0xc0, 0x1f, 0xfe, 0x1f, 0xff,
    0x0, 0x3f, 0xff, 0x0, 0x7f, 0xe0, 0x7f, 0xfc,
    0x1, 0xff, 0xf8, 0x0, 0xfe, 0x1, 0xff, 0xf0,
    0x1f, 0xff, 0xc0, 0x0, 0x0, 0x7, 0xff, 0xc0,
    0xff, 0xfe, 0x0, 0x0, 0x0, 0x1f, 0xff, 0xf,
    0xff, 0xf0, 0x0, 0x0, 0x0, 0x7f, 0xfe, 0x7f,
    0xff, 0x80, 0x0, 0x0, 0x1, 0xff, 0xff, 0xff,
    0xfc, 0x0, 0x0, 0x0, 0x3, 0xff, 0xff, 0xff,
    0xe0, 0x0, 0x0, 0x0, 0xf, 0xff, 0xff, 0xff,
    0x0, 0x0, 0x0, 0x0, 0x3f, 0xff, 0xff, 0xf0,
    0x0, 0x0, 0x0, 0x0, 0xff, 0xff, 0xff, 0x80,
    0x0, 0x0, 0x0, 0x3, 0xff, 0xff, 0xfc, 0x0,
    0x0, 0x0, 0x0, 0x7, 0xff, 0xff, 0xc0, 0x0,
    0x0, 0x0, 0x0, 0x1f, 0xff, 0xfe, 0x0, 0x0,
    0x0, 0x0, 0x0, 0x7f, 0xff, 0xe0, 0x0, 0x0,
    0x0, 0x0, 0x3, 0xff, 0xff, 0x0, 0x0, 0x0,
    0x0, 0x0, 0x1f, 0xff, 0xf0, 0x0, 0x0, 0x0,
    0x0, 0x1, 0xff, 0xff, 0xc0, 0x0, 0x0, 0x0,
    0x0, 0xf, 0xff, 0xff, 0x0, 0x0, 0x0, 0x0,
    0x0, 0xff, 0xff, 0xfc, 0x0, 0x0, 0x0, 0x0,
    0x7, 0xff, 0xff, 0xf0, 0x0, 0x0, 0x0, 0x0,
    0x3f, 0xff, 0xff, 0xe0, 0x0, 0x0, 0x0, 0x1,
    0xff, 0xff, 0xff, 0x80, 0x0, 0x0, 0x0, 0x1f,
    0xff, 0xff, 0xfe, 0x0, 0x0, 0x0, 0x0, 0xff,
    0xff, 0xff, 0xfc, 0x0, 0x0, 0x0, 0x7, 0xff,
    0xf3, 0xff, 0xf0, 0x0, 0x0, 0x0, 0x3f, 0xff,
    0x87, 0xff, 0xc0, 0x0, 0x0, 0x1, 0xff, 0xf8,
    0x1f, 0xff, 0x80, 0x0, 0x0, 0xf, 0xff, 0xc0,
    0x3f, 0xfe, 0x0, 0x0, 0x0, 0x7f, 0xfe, 0x0,
    0xff, 0xfc, 0x0, 0x0, 0x1, 0xff, 0xe0, 0x1,
    0xff, 0xf0, 0x0, 0x0, 0xf, 0xff, 0x0, 0x7,
    0xff, 0xe0, 0x0, 0x0, 0x7f, 0xf8, 0x0, 0xf,
    0xff, 0x80, 0x0, 0x3, 0xff, 0xc0, 0x0, 0x3f,
    0xff, 0x0, 0x0, 0xf, 0xfe, 0x0, 0x0, 0x7f,
    0xfe, 0x0, 0x0, 0x7f, 0xf0, 0x0, 0x0, 0xff,
    0xf8, 0x0, 0x1, 0xff, 0x80, 0x0, 0x1, 0xff,
    0xf0, 0x0, 0xf, 0xfc, 0x0, 0x0, 0x7, 0xff,
    0xe0, 0x0, 0x3f, 0xe0, 0x0, 0x0, 0xf, 0xff,
    0xc0, 0x0, 0xff, 0x0, 0x0, 0x0, 0x1f, 0xff,
    0x0, 0x3, 0xfc, 0x0, 0x0, 0x0, 0x3f, 0xfe,
    0x0, 0xf, 0xe0, 0x0, 0x0, 0x0, 0x7f, 0xfc,
    0x0, 0x3f, 0x80, 0x0, 0x0, 0x0, 0xff, 0xfc,
    0x0, 0x7f, 0xc0, 0x0, 0x0, 0x0, 0xff, 0xf8,
    0x1, 0xff, 0x0, 0x0, 0x0, 0x1, 0xff, 0xe0,
    0x1, 0xf8, 0x0, 0x0, 0x0, 0x1, 0xff, 0x80,
    0x1, 0x80, 0x0, 0x0, 0x0, 0x0, 0xfc, 0x0,

    /* U+0059 "Y" */
    0x0, 0x0, 0x18, 0x0, 0x0, 0x0, 0x0, 0x0,
    0x0, 0x1e, 0x0, 0x0, 0x0, 0xfc, 0x0, 0x0,
    0x1f, 0x80, 0x0, 0x0, 0xff, 0x0, 0x0, 0x1f,
    0xc0, 0x0, 0x0, 0x3f, 0xc0, 0x0, 0x1f, 0xe0,
    0x0, 0x0, 0xf, 0xf0, 0x0, 0x1f, 0xf0, 0x0,
    0x0, 0x7, 0xf8, 0x0, 0x1f, 0xf8, 0x0, 0x0,
    0x3, 0xfe, 0x0, 0x3f, 0xfe, 0x0, 0x0, 0x3,
    0xff, 0x0, 0x3f, 0xff, 0x0, 0x0, 0x1, 0xff,
    0x80, 0x7f, 0xff, 0x80, 0x0, 0x0, 0xff, 0xc0,
    0xff, 0xff, 0xc0, 0x0, 0x0, 0xff, 0xe7, 0xff,
    0xff, 0xe0, 0x0, 0x0, 0xff, 0xef, 0xff, 0xff,
    0xf0, 0x0, 0x0, 0xff, 0xf7, 0xff, 0x9f, 0xf8,
    0x0, 0x0, 0x7f, 0xf8, 0xfe, 0xf, 0xfc, 0x0,
    0x0, 0x7f, 0xf8, 0x0, 0x7, 0xfe, 0x0, 0x0,
    0x7f, 0xfc, 0x0, 0x3, 0xff, 0x80, 0x0, 0x7f,
    0xfc, 0x0, 0x1, 0xff, 0xc0, 0x0, 0x3f, 0xfe,
    0x0, 0x0, 0xff, 0xe0, 0x0, 0x3f, 0xfe, 0x0,
    0x0, 0x7f, 0xf0, 0x0, 0x3f, 0xfe, 0x0, 0x0,
    0x3f, 0xf8, 0x0, 0x3f, 0xff, 0x0, 0x0, 0x1f,
    0xfc, 0x0, 0x3f, 0xff, 0x0, 0x0, 0x7, 0xfe,
    0x0, 0x3f, 0xff, 0x80, 0x0, 0x3, 0xff, 0x80,
    0x3f, 0xff, 0x80, 0x0, 0x1, 0xff, 0xc0, 0x3f,
    0xff, 0x80, 0x0, 0x0, 0xff, 0xe0, 0x3f, 0xff,
    0x80, 0x0, 0x0, 0x7f, 0xf0, 0x3f, 0xff, 0xc0,
    0x0, 0x0, 0x3f, 0xf8, 0x3f, 0xff, 0xc0, 0x0,
    0x0, 0xf, 0xfe, 0x3f, 0xff, 0xc0, 0x0, 0x0,
    0x7, 0xff, 0x3f, 0xff, 0xc0, 0x0, 0x0, 0x3,
    0xff, 0xff, 0xff, 0xe0, 0x0, 0x0, 0x0, 0xff,
    0xff, 0xff, 0xe0, 0x0, 0x0, 0x0, 0x7f, 0xff,
    0xff, 0xe0, 0x0, 0x0, 0x0, 0x3f, 0xff, 0xff,
    0xe0, 0x0, 0x0, 0x0, 0xf, 0xff, 0xff, 0xe0,
    0x0, 0x0, 0x0, 0x7, 0xff, 0xff, 0xf0, 0x0,
    0x0, 0x0, 0x1, 0xff, 0xff, 0xf0, 0x0, 0x0,
    0x0, 0x0, 0xff, 0xff, 0xf0, 0x0, 0x0, 0x0,
    0x0, 0x3f, 0xff, 0xf0, 0x0, 0x0, 0x0, 0x0,
    0xf, 0xff, 0xf0, 0x0, 0x0, 0x0, 0x0, 0xf,
    0xff, 0xf0, 0x0, 0x0, 0x0, 0x0, 0xf, 0xff,
    0xf0, 0x0, 0x0, 0x0, 0x0, 0x7, 0xff, 0xf8,
    0x0, 0x0, 0x0, 0x0, 0x7, 0xff, 0xf8, 0x0,
    0x0, 0x0, 0x0, 0x3, 0xff, 0xf8, 0x0, 0x0,
    0x0, 0x0, 0x3, 0xff, 0xf8, 0x0, 0x0, 0x0,
    0x0, 0x1, 0xff, 0xf8, 0x0, 0x0, 0x0, 0x0,
    0x1, 0xff, 0xf8, 0x0, 0x0, 0x0, 0x0, 0x0,
    0xff, 0xfc, 0x0, 0x0, 0x0, 0x0, 0x0, 0xff,
    0xfc, 0x0, 0x0, 0x0, 0x0, 0x0, 0x7f, 0xfc,
    0x0, 0x0, 0x0, 0x0, 0x0, 0x7f, 0xfc, 0x0,
    0x0, 0x0, 0x0, 0x0, 0x3f, 0xfe, 0x0, 0x0,
    0x0, 0x0, 0x0, 0x1f, 0xfe, 0x0, 0x0, 0x0,
    0x0, 0x0, 0x1f, 0xfe, 0x0, 0x0, 0x0, 0x0,
    0x0, 0xf, 0xff, 0x0, 0x0, 0x0, 0x0, 0x0,
    0x7, 0xff, 0x0, 0x0, 0x0, 0x0, 0x0, 0x7,
    0xff, 0x0, 0x0, 0x0, 0x0, 0x0, 0x3, 0xff,
    0x80, 0x0, 0x0, 0x0, 0x0, 0x1, 0xff, 0x80,
    0x0, 0x0, 0x0, 0x0, 0x0, 0xff, 0xc0, 0x0,
    0x0, 0x0, 0x0, 0x0, 0x7f, 0xc0, 0x0, 0x0,
    0x0, 0x0, 0x0, 0x3f, 0xe0, 0x0, 0x0, 0x0,
    0x0, 0x0, 0x1f, 0xe0, 0x0, 0x0, 0x0, 0x0,
    0x0, 0xf, 0xf0, 0x0, 0x0, 0x0, 0x0, 0x0,
    0x7, 0xf8, 0x0, 0x0, 0x0, 0x0, 0x0, 0x3,
    0xf8, 0x0, 0x0, 0x0, 0x0, 0x0, 0x0, 0xfc,
    0x0, 0x0, 0x0, 0x0, 0x0, 0x0, 0x7e, 0x0,
    0x0, 0x0, 0x0, 0x0, 0x0, 0x1f, 0x0, 0x0,
    0x0, 0x0, 0x0, 0x0, 0xf, 0x80, 0x0, 0x0,
    0x0, 0x0, 0x0, 0x3, 0xc0, 0x0, 0x0, 0x0,
    0x0, 0x0, 0x0, 0xe0, 0x0, 0x0, 0x0, 0x0,
    0x0, 0x0, 0x20, 0x0, 0x0, 0x0, 0x0, 0x0,

    /* U+005A "Z" */
    0x0, 0x0, 0x0, 0x7, 0xff, 0xff, 0xff, 0xf8,
    0x0, 0x0, 0x1, 0xff, 0xff, 0xff, 0xff, 0xf0,
    0x0, 0x0, 0x1f, 0xff, 0xff, 0xff, 0xff, 0xc0,
    0x0, 0x0, 0xff, 0xff, 0xff, 0xff, 0xff, 0x0,
    0x0, 0xf, 0xff, 0xff, 0xff, 0xff, 0xf8, 0x0,
    0x0, 0x7f, 0xff, 0xff, 0xff, 0xff, 0xe0, 0x0,
    0x1, 0xff, 0xff, 0xff, 0xff, 0xff, 0x0, 0x0,
    0xf, 0xff, 0xff, 0xff, 0xff, 0xf8, 0x0, 0x0,
    0x3f, 0xe0, 0x0, 0xff, 0xff, 0xe0, 0x0, 0x1,
    0xfe, 0x0, 0x0, 0x1f, 0xff, 0x0, 0x0, 0x7,
    0xf0, 0x0, 0x0, 0xff, 0xf8, 0x0, 0x0, 0x1f,
    0x80, 0x0, 0xf, 0xff, 0xc0, 0x0, 0x0, 0x7e,
    0x0, 0x0, 0x7f, 0xfe, 0x0, 0x0, 0x1, 0xf8,
    0x0, 0x3, 0xff, 0xf0, 0x0, 0x0, 0x7, 0xc0,
    0x0, 0x1f, 0xff, 0x80, 0x0, 0x0, 0xf, 0x80,
    0x0, 0xff, 0xfc, 0x0, 0x0, 0x0, 0x3e, 0x0,
    0xf, 0xff, 0xe0, 0x0, 0x0, 0x0, 0x78, 0x0,
    0x7f, 0xff, 0x0, 0x0, 0x0, 0x0, 0xc0, 0x3,
    0xff, 0xf8, 0x0, 0x0, 0x0, 0x0, 0x0, 0x1f,
    0xff, 0xc0, 0x0, 0x0, 0x0, 0x0, 0x1, 0xff,
    0xfe, 0x0, 0x0, 0x0, 0x0, 0x0, 0xf, 0xff,
    0xf0, 0x0, 0x0, 0x0, 0x0, 0x0, 0x7f, 0xff,
    0x80, 0x0, 0x0, 0x0, 0x0, 0x3, 0xff, 0xfc,
    0x0, 0x0, 0x0, 0x0, 0x0, 0x1f, 0xff, 0xe0,
    0x0, 0x0, 0x0, 0x0, 0x1, 0xff, 0xfe, 0x0,
    0x0, 0x0, 0x0, 0x0, 0xf, 0xff, 0xf0, 0x0,
    0x0, 0x0, 0x0, 0x0, 0x7f, 0xff, 0x80, 0x0,
    0x0, 0x0, 0x0, 0x3, 0xff, 0xfc, 0x0, 0x0,
    0x0, 0x0, 0x0, 0x1f, 0xff, 0xc0, 0x0, 0x0,
    0x0, 0x0, 0x0, 0xff, 0xfe, 0x0, 0x0, 0x0,
    0x0, 0x0, 0xf, 0xff, 0xf0, 0x0, 0x0, 0x0,
    0x0, 0x0, 0x7f, 0xff, 0x80, 0x0, 0x0, 0x0,
    0x0, 0x3, 0xff, 0xfc, 0x0, 0x0, 0x0, 0x0,
    0x0, 0x1f, 0xff, 0xc0, 0x0, 0x0, 0x0, 0x0,
    0x0, 0xff, 0xfe, 0x0, 0x0, 0x0, 0x0, 0x0,
    0x7, 0xff, 0xf0, 0x0, 0x0, 0x0, 0x0, 0x0,
    0x3f, 0xff, 0x80, 0x0, 0x0, 0x0, 0x0, 0x1,
    0xff, 0xfc, 0x0, 0x0, 0x0, 0x0, 0x0, 0x1f,
    0xff, 0xe0, 0x0, 0x0, 0x0, 0x0, 0x0, 0xff,
    0xff, 0x0, 0x0, 0x1, 0xfc, 0x0, 0x7, 0xff,
    0xf0, 0x0, 0x0, 0x1f, 0xfc, 0x0, 0x3f, 0xff,
    0x80, 0x0, 0x1, 0xff, 0xf8, 0x1, 0xff, 0xfe,
    0x0, 0x0, 0x7, 0xff, 0xf0, 0xf, 0xff, 0xff,
    0x80, 0x0, 0x3f, 0xff, 0xe0, 0x3f, 0xff, 0xff,
    0x80, 0x0, 0xe0, 0xff, 0x81, 0xff, 0xff, 0xff,
    0x80, 0x0, 0x1, 0xfe, 0xf, 0xff, 0xff, 0xff,
    0x80, 0x0, 0x3, 0xfc, 0x7f, 0xff, 0xff, 0xff,
    0x80, 0x0, 0xf, 0xf1, 0xff, 0xff, 0xff, 0xff,
    0x0, 0x0, 0x3f, 0xc7, 0xff, 0xff, 0xff, 0xff,
    0x0, 0x0, 0xff, 0x3f, 0xff, 0xff, 0xff, 0xfe,
    0x0, 0x7, 0xf8, 0xff, 0xff, 0xff, 0xff, 0xfe,
    0x0, 0x3f, 0xe1, 0xf0, 0x7, 0xff, 0xff, 0xfc,
    0x1, 0xff, 0x82, 0x0, 0x3, 0xff, 0xff, 0xff,
    0x3f, 0xfc, 0x0, 0x0, 0x3, 0xff, 0xff, 0xff,
    0xff, 0xf0, 0x0, 0x0, 0x3, 0xff, 0xff, 0xff,
    0xff, 0x80, 0x0, 0x0, 0x7, 0xff, 0xff, 0xff,
    0xfc, 0x0, 0x0, 0x0, 0x7, 0xff, 0xff, 0xff,
    0xe0, 0x0, 0x0, 0x0, 0xf, 0xff, 0xff, 0xff,
    0x0, 0x0, 0x0, 0x0, 0xf, 0xff, 0xff, 0xf8,
    0x0, 0x0, 0x0, 0x0, 0xf, 0xff, 0xff, 0xc0,
    0x0, 0x0, 0x0, 0x0, 0x1f, 0xff, 0xfc, 0x0,
    0x0, 0x0, 0x0, 0x0, 0xf, 0xff, 0xc0, 0x0,
    0x0, 0x0, 0x0, 0x0, 0x7, 0xf0, 0x0, 0x0,

    /* U+0061 "a" */
    0x0, 0x0, 0x3f, 0x0, 0x70, 0x0, 0xf, 0xff,
    0x7, 0xe0, 0x0, 0xff, 0xfe, 0x3f, 0x80, 0xf,
    0xff, 0xfd, 0xff, 0x0, 0x7f, 0xff, 0xff, 0xf8,
    0x3, 0xff, 0xff, 0xff, 0xe0, 0x1f, 0xff, 0xff,
    0xff, 0x80, 0xff, 0xff, 0xf, 0xfc, 0x7, 0xff,
    0xf0, 0x3f, 0xf0, 0x3f, 0xff, 0x1, 0xff, 0xc1,
    0xff, 0xf8, 0x7, 0xfe, 0x7, 0xff, 0xc0, 0x3f,
    0xf8, 0x3f, 0xfe, 0x0, 0xff, 0xe0, 0xff, 0xf0,
    0x7, 0xff, 0x3, 0xff, 0xc0, 0x1f, 0xfc, 0x1f,
    0xfe, 0x0, 0x7f, 0xf0, 0x7f, 0xf8, 0x3, 0xff,
    0x81, 0xff, 0xc0, 0xf, 0xfe, 0x7, 0xff, 0x0,
    0x3f, 0xf8, 0x1f, 0xfc, 0x1, 0xff, 0xc0, 0x7f,
    0xf0, 0x7, 0xff, 0x1, 0xff, 0xc0, 0x3f, 0xfc,
    0x7, 0xff, 0x0, 0xff, 0xf0, 0x1f, 0xfc, 0x7,
    0xff, 0x80, 0x7f, 0xf8, 0x3f, 0xfe, 0x1, 0xff,
    0xf3, 0xff, 0xf8, 0x3, 0xff, 0xff, 0xff, 0xe0,
    0xf, 0xff, 0xff, 0xff, 0x80, 0x1f, 0xff, 0xff,
    0xfc, 0x0, 0x3f, 0xff, 0xff, 0xf0, 0x0, 0xff,
    0xfe, 0x7f, 0xc0, 0x0, 0xff, 0xf1, 0xff, 0x0,
    0x0, 0xff, 0x3, 0xfc, 0x0, 0x0, 0x0, 0x7,
    0xe0, 0x0, 0x0, 0x0, 0xf, 0x0, 0x0,

    /* U+0062 "b" */
    0x0, 0x0, 0xf8, 0x0, 0x0, 0x0, 0x1f, 0xf8,
    0x0, 0x0, 0xf, 0xff, 0xf0, 0x0, 0x0, 0x1f,
    0xff, 0xe0, 0x0, 0x0, 0x3f, 0xff, 0xc0, 0x0,
    0x0, 0x3f, 0xff, 0x80, 0x0, 0x0, 0xf, 0xff,
    0x0, 0x0, 0x0, 0x1f, 0xfe, 0x0, 0x0, 0x0,
    0x3f, 0xfc, 0x0, 0x0, 0x0, 0x7f, 0xf0, 0x0,
    0x0, 0x1, 0xff, 0xe0, 0x0, 0x0, 0x3, 0xff,
    0xc0, 0x0, 0x0, 0x7, 0xff, 0x80, 0x0, 0x0,
    0x1f, 0xfe, 0x0, 0x0, 0x0, 0x3f, 0xfc, 0x0,
    0x0, 0x0, 0x7f, 0xf8, 0x0, 0x0, 0x1, 0xff,
    0xe0, 0x0, 0x0, 0x3, 0xff, 0xc0, 0x0, 0x0,
    0x7, 0xff, 0x87, 0xf8, 0x0, 0x1f, 0xff, 0x3f,
    0xfc, 0x0, 0x3f, 0xfd, 0xff, 0xfc, 0x0, 0xff,
    0xff, 0xff, 0xfc, 0x1, 0xff, 0xff, 0xff, 0xf8,
    0x3, 0xff, 0xff, 0xf, 0xf8, 0xf, 0xff, 0xfc,
    0x1f, 0xf0, 0x1f, 0xff, 0xe0, 0x1f, 0xf0, 0x3f,
    0xff, 0x80, 0x3f, 0xe0, 0xff, 0xfe, 0x0, 0xff,
    0xc1, 0xff, 0xf8, 0x1, 0xff, 0x83, 0xff, 0xf0,
    0x3, 0xff, 0xf, 0xff, 0xc0, 0xf, 0xfe, 0x1f,
    0xff, 0x0, 0x1f, 0xfc, 0x3f, 0xfc, 0x0, 0x7f,
    0xf8, 0x7f, 0xf8, 0x0, 0xff, 0xf1, 0xff, 0xe0,
    0x3, 0xff, 0xe3, 0xff, 0xc0, 0xf, 0xff, 0x87,
    0xff, 0x0, 0x1f, 0xff, 0xf, 0xfe, 0x0, 0x7f,
    0xfc, 0x1f, 0xf8, 0x1, 0xff, 0xf8, 0x7f, 0xf0,
    0x7, 0xff, 0xe0, 0xff, 0xe0, 0x3f, 0xff, 0xc1,
    0xff, 0xc0, 0xff, 0xff, 0x3, 0xff, 0x8f, 0xff,
    0xfc, 0x7, 0xff, 0xff, 0xff, 0xf0, 0xf, 0xff,
    0xff, 0xff, 0xc0, 0x1f, 0xff, 0xff, 0xff, 0x0,
    0x3f, 0xff, 0xff, 0xfc, 0x0, 0x3f, 0xff, 0xff,
    0xf0, 0x0, 0x7e, 0x7f, 0xff, 0x80, 0x0, 0x30,
    0x7f, 0xf8, 0x0, 0x0, 0x0, 0x1f, 0x0, 0x0,
    0x0,

    /* U+0063 "c" */
    0x0, 0x0, 0x1f, 0xe0, 0x0, 0x1, 0xff, 0xe0,
    0x0, 0xf, 0xff, 0xe0, 0x0, 0x7f, 0xff, 0xe0,
    0x1, 0xff, 0xff, 0xc0, 0xf, 0xff, 0xff, 0x80,
    0x3f, 0xff, 0xff, 0x80, 0xff, 0xff, 0xfe, 0x3,
    0xff, 0xfe, 0xfc, 0x7, 0xff, 0xe0, 0xf8, 0x1f,
    0xff, 0x83, 0xe0, 0x7f, 0xfe, 0xf, 0xc0, 0xff,
    0xf0, 0x3f, 0x3, 0xff, 0xe0, 0xfc, 0x7, 0xff,
    0x83, 0xf0, 0x1f, 0xfe, 0x7, 0x80, 0x3f, 0xfc,
    0x0, 0x0, 0x7f, 0xf0, 0x0, 0x1, 0xff, 0xe0,
    0x0, 0x3, 0xff, 0x80, 0x0, 0x7, 0xff, 0x0,
    0x0, 0xf, 0xfc, 0x0, 0x0, 0x1f, 0xf8, 0x0,
    0x7, 0x3f, 0xf0, 0x0, 0x1e, 0x7f, 0xe0, 0x0,
    0xfc, 0xff, 0xc0, 0x3, 0xf1, 0xff, 0x80, 0xf,
    0xe3, 0xff, 0x80, 0x7f, 0x87, 0xff, 0x83, 0xfe,
    0x7, 0xff, 0xff, 0xf8, 0xf, 0xff, 0xff, 0xe0,
    0xf, 0xff, 0xff, 0x80, 0x1f, 0xff, 0xfe, 0x0,
    0x1f, 0xff, 0xf0, 0x0, 0x1f, 0xff, 0xc0, 0x0,
    0xf, 0xfc, 0x0, 0x0, 0x3, 0x80, 0x0, 0x0,

    /* U+0064 "d" */
    0x0, 0x0, 0x0, 0x0, 0x7, 0xc0, 0x0, 0x0,
    0x0, 0x7, 0xf8, 0x0, 0x0, 0x0, 0xf, 0xff,
    0x80, 0x0, 0x0, 0x3f, 0xff, 0xe0, 0x0, 0x0,
    0xf, 0xff, 0xfc, 0x0, 0x0, 0x0, 0xff, 0xff,
    0x80, 0x0, 0x0, 0xf, 0xff, 0xf0, 0x0, 0x0,
    0x0, 0xff, 0xfe, 0x0, 0x0, 0x0, 0x3, 0xff,
    0x80, 0x0, 0x0, 0x0, 0x7f, 0xf0, 0x0, 0x0,
    0x0, 0xf, 0xfe, 0x0, 0x0, 0x0, 0x3, 0xff,
    0x80, 0x0, 0x0, 0x0, 0x7f, 0xf0, 0x0, 0x0,
    0x0, 0xf, 0xfe, 0x0, 0x0, 0x0, 0x3, 0xff,
    0x80, 0x0, 0x0, 0x0, 0x7f, 0xf0, 0x0, 0x0,
    0x0, 0xf, 0xfe, 0x0, 0x0, 0x0, 0x3, 0xff,
    0xc0, 0x0, 0x1, 0xf0, 0x7f, 0xf0, 0x0, 0x1,
    0xff, 0x8f, 0xfe, 0x0, 0x0, 0xff, 0xff, 0xff,
    0xc0, 0x0, 0x7f, 0xff, 0xff, 0xf0, 0x0, 0x1f,
    0xff, 0xff, 0xfe, 0x0, 0x7, 0xff, 0xff, 0xff,
    0xc0, 0x1, 0xff, 0xff, 0xff, 0xf0, 0x0, 0x7f,
    0xf8, 0x1f, 0xfe, 0x0, 0x1f, 0xfe, 0x3, 0xff,
    0xc0, 0x7, 0xff, 0x80, 0x7f, 0xf8, 0x0, 0xff,
    0xe0, 0xf, 0xfe, 0x0, 0x3f, 0xf8, 0x3, 0xff,
    0xc0, 0x7, 0xff, 0x0, 0x7f, 0xf8, 0x1, 0xff,
    0xc0, 0xf, 0xfe, 0x0, 0x3f, 0xf8, 0x3, 0xff,
    0xc0, 0xf, 0xfe, 0x0, 0x7f, 0xf8, 0x1, 0xff,
    0xc0, 0xf, 0xfe, 0x0, 0x3f, 0xf8, 0x1, 0xff,
    0xc0, 0x7, 0xfe, 0x0, 0x7f, 0xf8, 0x1, 0xff,
    0xc0, 0xf, 0xff, 0x0, 0x3f, 0xf8, 0x3, 0xff,
    0xc0, 0x7, 0xff, 0x0, 0xff, 0xf8, 0x0, 0xff,
    0xe0, 0x7f, 0xff, 0x0, 0x1f, 0xfe, 0x3f, 0xff,
    0xe0, 0x3, 0xff, 0xff, 0xff, 0xf8, 0x0, 0x7f,
    0xff, 0xff, 0xff, 0x0, 0xf, 0xff, 0xff, 0xff,
    0xe0, 0x0, 0xff, 0xff, 0xef, 0xfc, 0x0, 0x1f,
    0xff, 0xf9, 0xff, 0x0, 0x1, 0xff, 0xfe, 0x3f,
    0xe0, 0x0, 0x1f, 0xff, 0x83, 0xfc, 0x0, 0x1,
    0xff, 0xc0, 0x7f, 0x0, 0x0, 0xf, 0xc0, 0x7,
    0xe0, 0x0, 0x0, 0x0, 0x0, 0x78, 0x0, 0x0,

    /* U+0065 "e" */
    0x0, 0x0, 0x1f, 0xc0, 0x0, 0x0, 0xff, 0xf0,
    0x0, 0x3, 0xff, 0xf8, 0x0, 0xf, 0xff, 0xfc,
    0x0, 0x1f, 0xff, 0xfe, 0x0, 0x7f, 0xff, 0xfe,
    0x0, 0xff, 0xfe, 0x7f, 0x1, 0xff, 0xf8, 0x3f,
    0x3, 0xff, 0xf0, 0x7f, 0x7, 0xff, 0xe0, 0x7f,
    0x7, 0xff, 0xc0, 0xff, 0xf, 0xff, 0x80, 0xfe,
    0x1f, 0xff, 0x1, 0xfe, 0x1f, 0xff, 0x3, 0xfe,
    0x1f, 0xfe, 0x7, 0xfc, 0x3f, 0xfc, 0x1f, 0xf8,
    0x3f, 0xfc, 0x7f, 0xf8, 0x7f, 0xff, 0xff, 0xf0,
    0x7f, 0xff, 0xff, 0xe0, 0x7f, 0xff, 0xff, 0x80,
    0x7f, 0xff, 0xfe, 0x0, 0x7f, 0xff, 0xf0, 0x0,
    0x7f, 0xf0, 0x0, 0x0, 0x7f, 0xf0, 0x0, 0x0,
    0x7f, 0xf0, 0x0, 0x0, 0x7f, 0xf0, 0x0, 0x18,
    0x7f, 0xf8, 0x0, 0x38, 0x3f, 0xf8, 0x0, 0xf8,
    0x3f, 0xfc, 0x3, 0xf0, 0x3f, 0xff, 0xff, 0xe0,
    0x1f, 0xff, 0xff, 0xe0, 0x1f, 0xff, 0xff, 0xc0,
    0xf, 0xff, 0xff, 0x80, 0x7, 0xff, 0xff, 0x0,
    0x3, 0xff, 0xfc, 0x0, 0x0, 0xff, 0xf8, 0x0,
    0x0, 0x3f, 0xc0, 0x0,

    /* U+0066 "f" */
    0x0, 0x0, 0x0, 0x1, 0x80, 0x0, 0x0, 0x0,
    0xf, 0xfc, 0x0, 0x0, 0x0, 0x1f, 0xff, 0x0,
    0x0, 0x0, 0x1f, 0xff, 0xc0, 0x0, 0x0, 0x3f,
    0xff, 0xf0, 0x0, 0x0, 0x3f, 0xff, 0xfc, 0x0,
    0x0, 0x3f, 0xff, 0xfe, 0x0, 0x0, 0x3f, 0xff,
    0xff, 0x0, 0x0, 0x1f, 0xff, 0xdf, 0x80, 0x0,
    0x1f, 0xff, 0x87, 0xc0, 0x0, 0x1f, 0xff, 0x87,
    0xe0, 0x0, 0xf, 0xff, 0x83, 0xe0, 0x0, 0xf,
    0xff, 0x83, 0xf0, 0x0, 0x7, 0xff, 0x83, 0xf8,
    0x0, 0x7, 0xff, 0xc1, 0xf8, 0x0, 0x3, 0xff,
    0xc1, 0xf8, 0x0, 0x3, 0xff, 0xe1, 0xf8, 0x0,
    0x1, 0xff, 0xe0, 0xf0, 0x0, 0x0, 0xff, 0xf0,
    0x0, 0x0, 0x0, 0xff, 0xf8, 0x0, 0x0, 0x0,
    0x7f, 0xf8, 0x0, 0x0, 0x0, 0x3f, 0xfc, 0x0,
    0x0, 0x0, 0x1f, 0xfc, 0x0, 0x0, 0x0, 0x1f,
    0xfe, 0x0, 0x0, 0x0, 0xf, 0xff, 0xfc, 0x0,
    0x0, 0x7, 0xff, 0xff, 0x80, 0x0, 0x3, 0xff,
    0xff, 0xc0, 0x0, 0x3, 0xff, 0xff, 0xe0, 0x0,
    0x1, 0xff, 0xff, 0xe0, 0x0, 0x0, 0xff, 0xff,
    0xe0, 0x0, 0x0, 0x7f, 0xff, 0x80, 0x0, 0x0,
    0x3f, 0xf8, 0x0, 0x0, 0x0, 0x3f, 0xfc, 0x0,
    0x0, 0x0, 0x1f, 0xfc, 0x0, 0x0, 0x0, 0xf,
    0xfe, 0x0, 0x0, 0x0, 0x7, 0xff, 0x0, 0x0,
    0x0, 0x3, 0xff, 0x80, 0x0, 0x0, 0x3, 0xff,
    0x80, 0x0, 0x0, 0x1, 0xff, 0xc0, 0x0, 0x0,
    0x0, 0xff, 0xe0, 0x0, 0x0, 0x0, 0x7f, 0xf0,
    0x0, 0x0, 0x0, 0x7f, 0xf0, 0x0, 0x0, 0x0,
    0x3f, 0xf8, 0x0, 0x0, 0x0, 0x1f, 0xfc, 0x0,
    0x0, 0x0, 0xf, 0xfc, 0x0, 0x0, 0x0, 0xf,
    0xfe, 0x0, 0x0, 0x0, 0x7, 0xff, 0x0, 0x0,
    0x0, 0x3, 0xff, 0x0, 0x0, 0x0, 0x3, 0xff,
    0x80, 0x0, 0x0, 0x1, 0xff, 0xc0, 0x0, 0x0,
    0x0, 0xff, 0xc0, 0x0, 0x0, 0x0, 0xff, 0xe0,
    0x0, 0x0, 0x0, 0x7f, 0xe0, 0x0, 0x0, 0x0,
    0x7f, 0xf0, 0x0, 0x0, 0x0, 0x3f, 0xf0, 0x0,
    0x0, 0x0, 0x3f, 0xf0, 0x0, 0x0, 0x0, 0x1f,
    0xf8, 0x0, 0x0, 0x0, 0x1f, 0xf8, 0x0, 0x0,
    0x0, 0xf, 0xf8, 0x0, 0x0, 0x0, 0xf, 0xf8,
    0x0, 0x0, 0x0, 0xf, 0xf0, 0x0, 0x0, 0x0,
    0x3, 0xc0, 0x0, 0x0, 0x0, 0x0,

    /* U+0067 "g" */
    0x0, 0x0, 0x3, 0xc0, 0x3e, 0x0, 0x0, 0x1f,
    0xfc, 0x3f, 0x80, 0x0, 0x3f, 0xff, 0xff, 0xc0,
    0x0, 0x7f, 0xff, 0xff, 0xe0, 0x0, 0x7f, 0xff,
    0xff, 0xf0, 0x0, 0x7f, 0xff, 0xff, 0xf0, 0x0,
    0x7f, 0xff, 0x7f, 0xf8, 0x0, 0x7f, 0xfc, 0x1f,
    0xfc, 0x0, 0x7f, 0xf8, 0x1f, 0xfc, 0x0, 0x7f,
    0xf8, 0xf, 0xfe, 0x0, 0x7f, 0xf8, 0xf, 0xfe,
    0x0, 0x3f, 0xf8, 0x7, 0xff, 0x0, 0x3f, 0xf8,
    0x3, 0xff, 0x80, 0x1f, 0xfc, 0x3, 0xff, 0x80,
    0xf, 0xfc, 0x1, 0xff, 0xc0, 0xf, 0xfe, 0x0,
    0xff, 0xe0, 0x7, 0xfe, 0x0, 0xff, 0xf0, 0x3,
    0xff, 0x0, 0x7f, 0xf8, 0x3, 0xff, 0x80, 0x3f,
    0xf8, 0x1, 0xff, 0xc0, 0x3f, 0xfc, 0x0, 0xff,
    0xc0, 0x1f, 0xfe, 0x0, 0x7f, 0xe0, 0xf, 0xff,
    0x0, 0x3f, 0xf0, 0xf, 0xff, 0x0, 0x1f, 0xf8,
    0x7, 0xff, 0x80, 0xf, 0xfc, 0x7, 0xff, 0xc0,
    0x7, 0xfe, 0x3, 0xff, 0xe0, 0x3, 0xff, 0x7,
    0xff, 0xf0, 0x1, 0xff, 0xcf, 0xff, 0xf0, 0x0,
    0xff, 0xff, 0xff, 0xf8, 0x0, 0x3f, 0xff, 0xff,
    0xfc, 0x0, 0x1f, 0xff, 0xff, 0xfe, 0x0, 0x7,
    0xff, 0xff, 0xfe, 0x0, 0x1, 0xff, 0xf7, 0xff,
    0x0, 0x0, 0x7f, 0xf3, 0xff, 0x80, 0x0, 0x1f,
    0xe1, 0xff, 0xc0, 0x0, 0x0, 0x1, 0xff, 0xc0,
    0x0, 0x0, 0x0, 0xff, 0xe0, 0x0, 0x0, 0x0,
    0x7f, 0xf0, 0x0, 0xf, 0xc0, 0x3f, 0xf8, 0x0,
    0x1f, 0xf0, 0x3f, 0xf8, 0x0, 0x1f, 0xf8, 0x1f,
    0xfc, 0x0, 0x1f, 0xfc, 0xf, 0xfe, 0x0, 0xf,
    0xe0, 0x7, 0xfe, 0x0, 0xf, 0xe0, 0x7, 0xff,
    0x0, 0x7, 0xe0, 0x3, 0xff, 0x0, 0x7, 0xf0,
    0x3, 0xff, 0x80, 0x3, 0xf0, 0x1, 0xff, 0xc0,
    0x1, 0xf8, 0x1, 0xff, 0xc0, 0x0, 0xfe, 0x1,
    0xff, 0xe0, 0x0, 0x7f, 0x1, 0xff, 0xe0, 0x0,
    0x3f, 0xff, 0xff, 0xe0, 0x0, 0x1f, 0xff, 0xff,
    0xf0, 0x0, 0x7, 0xff, 0xff, 0xf0, 0x0, 0x3,
    0xff, 0xff, 0xf0, 0x0, 0x0, 0xff, 0xff, 0xf0,
    0x0, 0x0, 0x3f, 0xff, 0xf0, 0x0, 0x0, 0xf,
    0xff, 0xe0, 0x0, 0x0, 0x3, 0xff, 0xe0, 0x0,
    0x0, 0x0, 0x3f, 0x80, 0x0, 0x0, 0x0,

    /* U+0068 "h" */
    0x0, 0x0, 0xf0, 0x0, 0x0, 0x0, 0x1f, 0xc0,
    0x0, 0x0, 0x3, 0xfe, 0x0, 0x0, 0x1, 0xff,
    0xf0, 0x0, 0x0, 0x1f, 0xff, 0x80, 0x0, 0x0,
    0xff, 0xfc, 0x0, 0x0, 0x7, 0xff, 0xe0, 0x0,
    0x0, 0xf, 0xff, 0x0, 0x0, 0x0, 0x3f, 0xf0,
    0x0, 0x0, 0x1, 0xff, 0x80, 0x0, 0x0, 0x1f,
    0xfc, 0x0, 0x0, 0x0, 0xff, 0xe0, 0x0, 0x0,
    0x7, 0xfe, 0x0, 0x0, 0x0, 0x7f, 0xf0, 0x0,
    0x0, 0x3, 0xff, 0x80, 0x0, 0x0, 0x1f, 0xf8,
    0x0, 0x0, 0x1, 0xff, 0xc0, 0x0, 0x0, 0xf,
    0xfe, 0x0, 0x0, 0x0, 0x7f, 0xe0, 0x0, 0x0,
    0x7, 0xff, 0x0, 0x1f, 0x80, 0x3f, 0xf8, 0x3,
    0xfe, 0x3, 0xff, 0x80, 0x3f, 0xf8, 0x1f, 0xfc,
    0x7, 0xff, 0xc0, 0xff, 0xe0, 0x7f, 0xff, 0xf,
    0xfe, 0x7, 0xff, 0xf8, 0x7f, 0xf0, 0x7f, 0xff,
    0xc3, 0xff, 0x87, 0xff, 0xfe, 0x1f, 0xf8, 0x7f,
    0xff, 0xf1, 0xff, 0xc7, 0xff, 0xff, 0x8f, 0xfe,
    0x7f, 0xff, 0xfc, 0x7f, 0xe7, 0xfb, 0xff, 0xe7,
    0xff, 0x7f, 0x9f, 0xfe, 0x3f, 0xfb, 0xf8, 0xff,
    0xf1, 0xff, 0xff, 0x87, 0xff, 0x8f, 0xff, 0xf8,
    0x3f, 0xfc, 0xff, 0xff, 0xc1, 0xff, 0xc7, 0xff,
    0xfc, 0x1f, 0xfe, 0x3f, 0xff, 0xc0, 0xff, 0xf1,
    0xff, 0xfc, 0x7, 0xff, 0xf, 0xff, 0xc0, 0x3f,
    0xf8, 0xff, 0xfc, 0x3, 0xff, 0xc7, 0xff, 0xe0,
    0x1f, 0xfe, 0x3f, 0xfe, 0x0, 0xff, 0xe1, 0xff,
    0xe0, 0x7, 0xff, 0xf, 0xfe, 0x0, 0x3f, 0xf8,
    0x7f, 0xf0, 0x3, 0xff, 0x83, 0xff, 0x0, 0x1f,
    0xfc, 0x1f, 0xf0, 0x0, 0xff, 0xe0, 0xff, 0x80,
    0x7, 0xff, 0x7, 0xf8, 0x0, 0x3f, 0xf0, 0x1f,
    0x80, 0x1, 0xff, 0x80, 0xf8, 0x0, 0xf, 0xfc,
    0x1, 0x0, 0x0, 0x7f, 0xc0, 0x0, 0x0, 0x3,
    0xfe, 0x0, 0x0, 0x0, 0x1f, 0xe0, 0x0, 0x0,
    0x0, 0x7e, 0x0, 0x0, 0x0, 0x1, 0xe0, 0x0,

    /* U+0069 "i" */
    0x0, 0x1, 0xf0, 0x0, 0xf, 0xf8, 0x0, 0x3f,
    0xf8, 0x0, 0x7f, 0xf0, 0x1, 0xff, 0xe0, 0x3,
    0xff, 0xc0, 0x7, 0xff, 0x0, 0xf, 0xfe, 0x0,
    0xf, 0xf8, 0x0, 0x1f, 0xe0, 0x0, 0xf, 0x0,
    0x0, 0x0, 0x0, 0x0, 0x0, 0x0, 0x0, 0x0,
    0x0, 0x0, 0x0, 0x0, 0x0, 0x0, 0x0, 0xe,
    0x0, 0x0, 0x7f, 0x0, 0x1, 0xfe, 0x0, 0x7,
    0xfc, 0x0, 0x1f, 0xf8, 0x0, 0x3f, 0xf0, 0x0,
    0xff, 0xe0, 0x3, 0xff, 0xc0, 0x7, 0xff, 0x80,
    0x1f, 0xff, 0x0, 0x3f, 0xfc, 0x0, 0x7f, 0xf8,
    0x1, 0xff, 0xf0, 0x3, 0xff, 0xc0, 0xf, 0xff,
    0x80, 0x1f, 0xff, 0x0, 0x3f, 0xfc, 0x0, 0x7f,
    0xf8, 0x1, 0xff, 0xf0, 0x3, 0xff, 0xe0, 0x7,
    0xff, 0x80, 0xf, 0xff, 0x0, 0x1f, 0xfe, 0x0,
    0x7f, 0xfc, 0x0, 0xff, 0xf8, 0x1, 0xff, 0xf0,
    0x3, 0xff, 0xc0, 0x7, 0xff, 0x80, 0xf, 0xff,
    0x0, 0x1f, 0xfe, 0x0, 0x3f, 0xfc, 0x0, 0x7f,
    0xf8, 0x0, 0xff, 0xe0, 0x1, 0xff, 0xc0, 0x1,
    0xff, 0x80, 0x3, 0xfe, 0x0, 0x3, 0xf8, 0x0,
    0x1, 0xe0, 0x0, 0x0,

    /* U+006A "j" */
    0x0, 0x0, 0x0, 0x0, 0x0, 0x0, 0x0, 0x0,
    0x0, 0x0, 0xf8, 0x0, 0x0, 0x0, 0x0, 0x1f,
    0xe0, 0x0, 0x0, 0x0, 0x3, 0xfe, 0x0, 0x0,
    0x0, 0x0, 0x7f, 0xf0, 0x0, 0x0, 0x0, 0x7,
    0xff, 0x0, 0x0, 0x0, 0x0, 0xff, 0xe0, 0x0,
    0x0, 0x0, 0xf, 0xfe, 0x0, 0x0, 0x0, 0x0,
    0xff, 0xe0, 0x0, 0x0, 0x0, 0xf, 0xfc, 0x0,
    0x0, 0x0, 0x0, 0xff, 0x80, 0x0, 0x0, 0x0,
    0x7, 0xf0, 0x0, 0x0, 0x0, 0x0, 0x3c, 0x0,
    0x0, 0x0, 0x0, 0x0, 0x0, 0x0, 0x0, 0x0,
    0x0, 0x0, 0x0, 0x0, 0x0, 0x0, 0x0, 0x0,
    0x0, 0x0, 0x0, 0x0, 0x0, 0x0, 0x0, 0x0,
    0x0, 0x0, 0x0, 0x0, 0x0, 0x0, 0x0, 0x30,
    0x0, 0x0, 0x0, 0x0, 0xf, 0xc0, 0x0, 0x0,
    0x0, 0x1, 0xfc, 0x0, 0x0, 0x0, 0x0, 0x1f,
    0xe0, 0x0, 0x0, 0x0, 0x3, 0xfe, 0x0, 0x0,
    0x0, 0x0, 0x3f, 0xe0, 0x0, 0x0, 0x0, 0x7,
    0xfe, 0x0, 0x0, 0x0, 0x0, 0x7f, 0xe0, 0x0,
    0x0, 0x0, 0x7, 0xfe, 0x0, 0x0, 0x0, 0x0,
    0x7f, 0xe0, 0x0, 0x0, 0x0, 0x7, 0xfe, 0x0,
    0x0, 0x0, 0x0, 0xff, 0xe0, 0x0, 0x0, 0x0,
    0xf, 0xfe, 0x0, 0x0, 0x0, 0x0, 0xff, 0xc0,
    0x0, 0x0, 0x0, 0xf, 0xfc, 0x0, 0x0, 0x0,
    0x0, 0xff, 0xc0, 0x0, 0x0, 0x0, 0x1f, 0xfc,
    0x0, 0x0, 0x0, 0x1, 0xff, 0xc0, 0x0, 0x0,
    0x0, 0x1f, 0xfc, 0x0, 0x0, 0x0, 0x1, 0xff,
    0x80, 0x0, 0x0, 0x0, 0x3f, 0xf8, 0x0, 0x0,
    0x0, 0x3, 0xff, 0x80, 0x0, 0x0, 0x0, 0x3f,
    0xf8, 0x0, 0x0, 0x0, 0x3, 0xff, 0x80, 0x0,
    0x0, 0x0, 0x7f, 0xf0, 0x0, 0x0, 0x0, 0x7,
    0xff, 0x0, 0x0, 0x0, 0x0, 0x7f, 0xf0, 0x0,
    0x0, 0x0, 0x7, 0xff, 0x0, 0x0, 0x0, 0x0,
    0xff, 0xe0, 0x0, 0x0, 0x0, 0xf, 0xfe, 0x0,
    0x0, 0x0, 0x0, 0xff, 0xe0, 0x0, 0x0, 0x0,
    0xf, 0xfe, 0x0, 0x0, 0x0, 0x1, 0xff, 0xc0,
    0x0, 0x0, 0x0, 0x1f, 0xfc, 0x0, 0x0, 0x0,
    0x1, 0xff, 0xc0, 0x0, 0x0, 0x0, 0x3f, 0xf8,
    0x0, 0x0, 0x0, 0x3, 0xff, 0x80, 0x0, 0x0,
    0x0, 0x3f, 0xf8, 0x0, 0x0, 0x0, 0x3, 0xff,
    0x80, 0x0, 0x1f, 0x80, 0x7f, 0xf0, 0x0, 0x7,
    0xfc, 0x7, 0xff, 0x0, 0x0, 0xff, 0xe0, 0x7f,
    0xf0, 0x0, 0x1f, 0xfe, 0xf, 0xfe, 0x0, 0x3,
    0xff, 0xe0, 0xff, 0xe0, 0x0, 0x7f, 0xfe, 0xf,
    0xfc, 0x0, 0x7, 0xf0, 0x41, 0xff, 0xc0, 0x0,
    0xff, 0x0, 0x1f, 0xfc, 0x0, 0xf, 0xe0, 0x1,
    0xff, 0x80, 0x0, 0xfe, 0x0, 0x3f, 0xf8, 0x0,
    0xf, 0xe0, 0x3, 0xff, 0x80, 0x0, 0xfe, 0x0,
    0x7f, 0xf0, 0x0, 0xf, 0xe0, 0x7, 0xfe, 0x0,
    0x0, 0xfe, 0x0, 0xff, 0xe0, 0x0, 0xf, 0xf0,
    0x1f, 0xfc, 0x0, 0x0, 0x7f, 0x83, 0xff, 0x80,
    0x0, 0x7, 0xff, 0xff, 0xf0, 0x0, 0x0, 0x7f,
    0xff, 0xff, 0x0, 0x0, 0x3, 0xff, 0xff, 0xc0,
    0x0, 0x0, 0x1f, 0xff, 0xf8, 0x0, 0x0, 0x0,
    0xff, 0xff, 0x0, 0x0, 0x0, 0x7, 0xff, 0xc0,
    0x0, 0x0, 0x0, 0xf, 0xe0, 0x0, 0x0, 0x0,

    /* U+006B "k" */
    0x0, 0x0, 0x3c, 0x0, 0x0, 0x0, 0x1, 0xfc,
    0x0, 0x0, 0x0, 0xf, 0xf8, 0x0, 0x0, 0x0,
    0x7f, 0xf0, 0x0, 0x0, 0x3, 0xff, 0xe0, 0x0,
    0x0, 0xf, 0xff, 0xc0, 0x0, 0x0, 0x7f, 0xff,
    0x80, 0x0, 0x1, 0xff, 0xfe, 0x0, 0x0, 0x3,
    0xff, 0xfc, 0x0, 0x0, 0x1, 0xff, 0xf8, 0x0,
    0x0, 0x0, 0xff, 0xf0, 0x0, 0x0, 0x1, 0xff,
    0xc0, 0x0, 0x0, 0x3, 0xff, 0x80, 0x0, 0x0,
    0x7, 0xff, 0x0, 0x0, 0x0, 0x1f, 0xfe, 0x1,
    0xe0, 0x0, 0x3f, 0xf8, 0x7, 0xf0, 0x0, 0x7f,
    0xf0, 0x7, 0xf0, 0x1, 0xff, 0xe0, 0x7, 0xe0,
    0x3, 0xff, 0xc0, 0xf, 0xe0, 0x7, 0xff, 0x0,
    0x1f, 0xc0, 0x1f, 0xfe, 0x0, 0x3f, 0x80, 0x3f,
    0xfc, 0x0, 0xff, 0x0, 0x7f, 0xf8, 0x1, 0xfe,
    0x1, 0xff, 0xe0, 0x7, 0xfc, 0x3, 0xff, 0xc0,
    0x1f, 0xf8, 0x7, 0xff, 0x80, 0x3f, 0xf0, 0xf,
    0xff, 0x0, 0xff, 0xc0, 0x3f, 0xfc, 0x7, 0xff,
    0x80, 0x7f, 0xf8, 0x1f, 0xff, 0x0, 0xff, 0xf0,
    0xff, 0xfc, 0x3, 0xff, 0xe7, 0xff, 0xf0, 0x7,
    0xff, 0xff, 0xff, 0xe0, 0xf, 0xff, 0xff, 0xff,
    0x80, 0x1f, 0xff, 0xff, 0xfe, 0x0, 0x7f, 0xff,
    0xff, 0xf8, 0x0, 0xff, 0xff, 0xff, 0xe0, 0x1,
    0xff, 0xff, 0xff, 0x80, 0x7, 0xff, 0xff, 0xfc,
    0x0, 0xf, 0xff, 0xff, 0xe0, 0x0, 0x1f, 0xff,
    0xff, 0x80, 0x0, 0x3f, 0xff, 0xff, 0x80, 0x0,
    0xff, 0xff, 0xff, 0x0, 0x1, 0xff, 0xef, 0xfe,
    0x0, 0x3, 0xff, 0xdf, 0xfc, 0x0, 0x7, 0xff,
    0x9f, 0xfc, 0x0, 0x1f, 0xfe, 0x3f, 0xf8, 0x0,
    0x3f, 0xfc, 0x7f, 0xf8, 0x0, 0x7f, 0xf8, 0x7f,
    0xf8, 0x0, 0xff, 0xe0, 0xff, 0xf8, 0x1, 0xff,
    0xc0, 0xff, 0xf0, 0x3, 0xff, 0x80, 0xff, 0xf0,
    0x7, 0xfe, 0x1, 0xff, 0xf8, 0x7, 0xf8, 0x1,
    0xff, 0xf8, 0xf, 0xe0, 0x1, 0xff, 0xf8, 0xf,
    0x80, 0x1, 0xff, 0xfc, 0x0, 0x0, 0x1, 0xff,
    0xfe, 0x0, 0x0, 0x0, 0xff, 0xfc, 0x0, 0x0,
    0x0, 0x7f, 0xf8, 0x0, 0x0, 0x0, 0x3f, 0xe0,
    0x0, 0x0, 0x0, 0xf, 0x0,

    /* U+006C "l" */
    0x0, 0x0, 0x7c, 0x0, 0x3, 0xfe, 0x0, 0xf,
    0xfe, 0x0, 0x3f, 0xff, 0x0, 0xff, 0xfe, 0x1,
    0xff, 0xfe, 0x3, 0xff, 0xfe, 0x3, 0xff, 0xfe,
    0x0, 0xff, 0xfc, 0x0, 0x3f, 0xfc, 0x0, 0x3f,
    0xfc, 0x0, 0x3f, 0xf8, 0x0, 0x7f, 0xf8, 0x0,
    0x7f, 0xf8, 0x0, 0x7f, 0xf0, 0x0, 0xff, 0xf0,
    0x0, 0xff, 0xf0, 0x0, 0xff, 0xe0, 0x1, 0xff,
    0xe0, 0x1, 0xff, 0xe0, 0x1, 0xff, 0xc0, 0x1,
    0xff, 0xc0, 0x3, 0xff, 0xc0, 0x3, 0xff, 0x80,
    0x3, 0xff, 0x80, 0x7, 0xff, 0x80, 0x7, 0xff,
    0x0, 0x7, 0xff, 0x0, 0xf, 0xff, 0x0, 0xf,
    0xff, 0x0, 0xf, 0xfe, 0x0, 0x1f, 0xfe, 0x0,
    0x1f, 0xfe, 0x0, 0x1f, 0xfe, 0x0, 0x1f, 0xfc,
    0x0, 0x3f, 0xfc, 0x0, 0x3f, 0xfc, 0x0, 0x3f,
    0xfc, 0x0, 0x3f, 0xf8, 0x0, 0x7f, 0xf8, 0x0,
    0x7f, 0xf8, 0x0, 0x7f, 0xf8, 0x0, 0x7f, 0xf0,
    0x0, 0xff, 0xf0, 0x0, 0xff, 0xf0, 0x0, 0xff,
    0xf0, 0x0, 0xff, 0xe0, 0x0, 0xff, 0xe0, 0x0,
    0xff, 0xe0, 0x0, 0xff, 0xe0, 0x0, 0xff, 0xc0,
    0x0, 0xff, 0xc0, 0x0, 0x7f, 0xc0, 0x0, 0x7f,
    0x80, 0x0, 0x1e, 0x0, 0x0,

    /* U+006D "m" */
    0x0, 0xc, 0x0, 0x0, 0x0, 0x0, 0x0, 0x1,
    0xf8, 0x0, 0x0, 0x0, 0x0, 0x0, 0x3f, 0xc0,
    0x0, 0x0, 0x0, 0x0, 0x7, 0xff, 0x0, 0x18,
    0x0, 0x0, 0x0, 0x7f, 0xf8, 0x3, 0xf0, 0x0,
    0x0, 0x7, 0xff, 0xc0, 0x3f, 0xc0, 0x3, 0xe0,
    0x7f, 0xfc, 0x7, 0xff, 0x0, 0x7f, 0x83, 0xff,
    0xe0, 0x7f, 0xf8, 0xf, 0xfe, 0x1f, 0xff, 0x7,
    0xff, 0xc0, 0xff, 0xf0, 0xff, 0xf8, 0x7f, 0xfe,
    0xf, 0xff, 0x83, 0xff, 0xc7, 0xff, 0xf1, 0xff,
    0xfc, 0xf, 0xfe, 0x7f, 0xff, 0x9f, 0xff, 0xf0,
    0x7f, 0xf7, 0xff, 0xfc, 0xff, 0xff, 0x3, 0xff,
    0xbf, 0xff, 0xef, 0xff, 0xf8, 0x3f, 0xff, 0xff,
    0xfe, 0xff, 0xff, 0xc1, 0xff, 0xff, 0xff, 0xff,
    0xef, 0xfe, 0xf, 0xff, 0xfb, 0xff, 0xfe, 0x7f,
    0xf0, 0x7f, 0xff, 0x9f, 0xff, 0xf3, 0xff, 0x87,
    0xff, 0xf9, 0xff, 0xff, 0x3f, 0xf8, 0x3f, 0xff,
    0x8f, 0xff, 0xf1, 0xff, 0xc1, 0xff, 0xfc, 0xff,
    0xff, 0xf, 0xfe, 0x1f, 0xff, 0xc7, 0xff, 0xf0,
    0xff, 0xf0, 0xff, 0xfc, 0x3f, 0xff, 0x87, 0xff,
    0x7, 0xff, 0xe3, 0xff, 0xf8, 0x3f, 0xf8, 0x3f,
    0xfe, 0x1f, 0xff, 0x81, 0xff, 0xc3, 0xff, 0xf0,
    0xff, 0xf8, 0x1f, 0xfe, 0x1f, 0xff, 0xf, 0xff,
    0xc0, 0xff, 0xe0, 0xff, 0xf0, 0x7f, 0xfc, 0x7,
    0xff, 0x7, 0xff, 0x83, 0xff, 0xe0, 0x3f, 0xf8,
    0x3f, 0xfc, 0x1f, 0xfe, 0x1, 0xff, 0xc1, 0xff,
    0xc0, 0xff, 0xf0, 0x1f, 0xfc, 0xf, 0xfe, 0x7,
    0xff, 0x0, 0xff, 0xe0, 0x7f, 0xf0, 0x3f, 0xf0,
    0x7, 0xff, 0x3, 0xff, 0x1, 0xff, 0x80, 0x3f,
    0xf8, 0xf, 0xf8, 0xf, 0xf8, 0x1, 0xff, 0x80,
    0x7f, 0x80, 0x3f, 0xc0, 0xf, 0xfc, 0x0, 0xf8,
    0x0, 0xfc, 0x0, 0x7f, 0xe0, 0x0, 0x0, 0x1,
    0x80, 0x1, 0xfe, 0x0, 0x0, 0x0, 0x0, 0x0,
    0x7, 0xe0, 0x0, 0x0, 0x0, 0x0, 0x0, 0x1c,
    0x0,

    /* U+006E "n" */
    0x0, 0x30, 0x0, 0x0, 0x0, 0xf, 0xe0, 0x0,
    0x0, 0x1, 0xff, 0x80, 0x3, 0xe0, 0x1f, 0xfc,
    0x0, 0x7f, 0x83, 0xff, 0xe0, 0xf, 0xfe, 0x1f,
    0xff, 0x0, 0xff, 0xf9, 0xff, 0xf8, 0xf, 0xff,
    0xdf, 0xff, 0xc0, 0xff, 0xff, 0xff, 0xfe, 0xf,
    0xff, 0xfb, 0xff, 0xf0, 0xff, 0xff, 0xc3, 0xff,
    0x8f, 0xff, 0xfe, 0x1f, 0xf8, 0xff, 0xff, 0xf1,
    0xff, 0xc7, 0xf7, 0xff, 0x8f, 0xfe, 0x7f, 0x3f,
    0xfc, 0x7f, 0xf7, 0xf3, 0xff, 0xe3, 0xff, 0xff,
    0x1f, 0xff, 0x3f, 0xff, 0xf0, 0xff, 0xf1, 0xff,
    0xff, 0x8f, 0xff, 0x8f, 0xff, 0xf8, 0x7f, 0xfc,
    0x7f, 0xff, 0x83, 0xff, 0xe7, 0xff, 0xf8, 0x1f,
    0xfe, 0x3f, 0xff, 0x81, 0xff, 0xf1, 0xff, 0xfc,
    0xf, 0xff, 0x8f, 0xff, 0xc0, 0x7f, 0xfc, 0xff,
    0xfc, 0x3, 0xff, 0xc7, 0xff, 0xc0, 0x3f, 0xfe,
    0x3f, 0xfe, 0x1, 0xff, 0xf1, 0xff, 0xe0, 0xf,
    0xff, 0x8f, 0xfe, 0x0, 0x7f, 0xf8, 0x7f, 0xf0,
    0x3, 0xff, 0xc3, 0xff, 0x0, 0x1f, 0xfe, 0x1f,
    0xf0, 0x0, 0xff, 0xe0, 0xff, 0x0, 0x7, 0xff,
    0x3, 0xf0, 0x0, 0x3f, 0xf0, 0xf, 0x0, 0x1,
    0xff, 0x0, 0x0, 0x0, 0x3, 0xf0, 0x0,

    /* U+006F "o" */
    0x0, 0x0, 0x0, 0x0, 0x0, 0x0, 0x1f, 0xf8,
    0x0, 0x0, 0x1f, 0xff, 0xe0, 0x0, 0xf, 0xff,
    0xfe, 0x0, 0x3, 0xff, 0xff, 0xe0, 0x0, 0xff,
    0xff, 0xfe, 0x0, 0x7f, 0xfc, 0x3f, 0xe0, 0x1f,
    0xff, 0x3, 0xfe, 0x7, 0xff, 0xc0, 0x7f, 0xc0,
    0xff, 0xf0, 0xf, 0xf8, 0x3f, 0xfc, 0x1, 0xff,
    0x8f, 0xff, 0x0, 0x3f, 0xf1, 0xff, 0xe0, 0x7,
    0xfe, 0x7f, 0xf8, 0x1, 0xff, 0xcf, 0xff, 0x0,
    0x3f, 0xfb, 0xff, 0xc0, 0x7, 0xff, 0x7f, 0xf8,
    0x0, 0xff, 0xef, 0xfe, 0x0, 0x3f, 0xff, 0xff,
    0xc0, 0x7, 0xff, 0xff, 0xf8, 0x0, 0xff, 0xef,
    0xff, 0x0, 0x3f, 0xfd, 0xff, 0xc0, 0x7, 0xff,
    0xbf, 0xf8, 0x0, 0xff, 0xe7, 0xff, 0x0, 0x3f,
    0xfc, 0xff, 0xe0, 0x7, 0xff, 0x9f, 0xfc, 0x1,
    0xff, 0xe3, 0xff, 0x80, 0x3f, 0xf8, 0x3f, 0xf0,
    0xf, 0xff, 0x7, 0xfe, 0x3, 0xff, 0xc0, 0xff,
    0xc0, 0x7f, 0xf0, 0xf, 0xfc, 0x1f, 0xfe, 0x1,
    0xff, 0xcf, 0xff, 0x80, 0x1f, 0xff, 0xff, 0xe0,
    0x1, 0xff, 0xff, 0xf8, 0x0, 0x1f, 0xff, 0xfc,
    0x0, 0x1, 0xff, 0xff, 0x0, 0x0, 0xf, 0xff,
    0x80, 0x0, 0x0, 0x3f, 0x0, 0x0, 0x0,

    /* U+0070 "p" */
    0x0, 0x1, 0xe0, 0x0, 0x0, 0x0, 0x3, 0xfc,
    0x0, 0x0, 0x0, 0x3, 0xff, 0x0, 0xff, 0x0,
    0x3, 0xff, 0xe0, 0xff, 0xf0, 0x3, 0xff, 0xf8,
    0xff, 0xfe, 0x1, 0xff, 0xfe, 0x7f, 0xff, 0x80,
    0x7f, 0xff, 0xbf, 0xff, 0xf0, 0x1f, 0xff, 0xff,
    0xff, 0xfc, 0x0, 0x3f, 0xff, 0xff, 0xff, 0x0,
    0x1f, 0xff, 0xfd, 0xff, 0xe0, 0x7, 0xff, 0xfe,
    0x7f, 0xf8, 0x1, 0xff, 0xfe, 0x1f, 0xfe, 0x0,
    0x7f, 0xff, 0x7, 0xff, 0x80, 0x3f, 0xff, 0x81,
    0xff, 0xe0, 0xf, 0xff, 0xc0, 0x7f, 0xf8, 0x3,
    0xff, 0xe0, 0x1f, 0xfe, 0x1, 0xff, 0xf0, 0xf,
    0xff, 0x0, 0x7f, 0xfc, 0x3, 0xff, 0xc0, 0x1f,
    0xfe, 0x0, 0xff, 0xf0, 0xf, 0xff, 0x0, 0x7f,
    0xfc, 0x3, 0xff, 0xc0, 0x1f, 0xfe, 0x0, 0xff,
    0xf0, 0xf, 0xff, 0x80, 0x7f, 0xf8, 0x7, 0xff,
    0xc0, 0x1f, 0xfe, 0x1, 0xff, 0xf0, 0x7, 0xff,
    0x80, 0xff, 0xf8, 0x3, 0xff, 0xe0, 0x7f, 0xfe,
    0x0, 0xff, 0xf0, 0x3f, 0xff, 0x0, 0x3f, 0xfc,
    0x1f, 0xff, 0x80, 0xf, 0xff, 0x1f, 0xff, 0xe0,
    0x7, 0xff, 0x9f, 0xff, 0xf0, 0x1, 0xff, 0xff,
    0xff, 0xf8, 0x0, 0x7f, 0xff, 0xff, 0xfc, 0x0,
    0x1f, 0xff, 0xff, 0xfc, 0x0, 0xf, 0xff, 0xff,
    0xfe, 0x0, 0x3, 0xff, 0xff, 0xfe, 0x0, 0x0,
    0xff, 0xff, 0xfe, 0x0, 0x0, 0x3f, 0xff, 0xfc,
    0x0, 0x0, 0x1f, 0xfe, 0x0, 0x0, 0x0, 0x7,
    0xff, 0x80, 0x0, 0x0, 0x1, 0xff, 0xe0, 0x0,
    0x0, 0x0, 0x7f, 0xf8, 0x0, 0x0, 0x0, 0x1f,
    0xfc, 0x0, 0x0, 0x0, 0x7, 0xff, 0x0, 0x0,
    0x0, 0x3, 0xff, 0xc0, 0x0, 0x0, 0x0, 0xff,
    0xf0, 0x0, 0x0, 0x0, 0x3f, 0xf8, 0x0, 0x0,
    0x0, 0xf, 0xfe, 0x0, 0x0, 0x0, 0x3, 0xff,
    0x80, 0x0, 0x0, 0x0, 0xff, 0xe0, 0x0, 0x0,
    0x0, 0x3f, 0xf8, 0x0, 0x0, 0x0, 0xf, 0xfc,
    0x0, 0x0, 0x0, 0x3, 0xff, 0x0, 0x0, 0x0,
    0x0, 0x7f, 0x80, 0x0, 0x0, 0x0, 0x1f, 0xe0,
    0x0, 0x0, 0x0, 0x1, 0xe0, 0x0, 0x0, 0x0,
    0x0,

    /* U+0071 "q" */
    0x0, 0x0, 0x0, 0x0, 0xf8, 0x0, 0x0, 0xfe,
    0x3, 0xf8, 0x0, 0xf, 0xff, 0x9f, 0xf0, 0x0,
    0x7f, 0xff, 0xff, 0xe0, 0x3, 0xff, 0xff, 0xff,
    0xc0, 0xf, 0xff, 0xff, 0xff, 0x80, 0x3f, 0xff,
    0xff, 0xff, 0x1, 0xff, 0xfc, 0x7f, 0xfc, 0x3,
    0xff, 0xe0, 0x7f, 0xf8, 0xf, 0xff, 0x80, 0xff,
    0xf0, 0x3f, 0xfc, 0x1, 0xff, 0xc0, 0xff, 0xf8,
    0x7, 0xff, 0x81, 0xff, 0xe0, 0xf, 0xfe, 0x7,
    0xff, 0x80, 0x3f, 0xfc, 0xf, 0xfe, 0x0, 0x7f,
    0xf8, 0x3f, 0xfc, 0x1, 0xff, 0xe0, 0x7f, 0xf0,
    0x3, 0xff, 0xc0, 0xff, 0xe0, 0x7, 0xff, 0x3,
    0xff, 0xc0, 0x1f, 0xfe, 0x7, 0xff, 0x0, 0x3f,
    0xfc, 0xf, 0xfe, 0x0, 0xff, 0xf0, 0x1f, 0xfc,
    0x1, 0xff, 0xe0, 0x3f, 0xf0, 0x3, 0xff, 0x80,
    0x7f, 0xe0, 0xf, 0xff, 0x0, 0xff, 0xc0, 0x3f,
    0xfe, 0x1, 0xff, 0x80, 0xff, 0xf8, 0x3, 0xff,
    0x3, 0xff, 0xf0, 0x3, 0xfe, 0xf, 0xff, 0xe0,
    0x7, 0xfc, 0x3f, 0xff, 0x80, 0xf, 0xff, 0xff,
    0xff, 0x0, 0xf, 0xff, 0xff, 0xfe, 0x0, 0xf,
    0xff, 0xff, 0xf8, 0x0, 0x1f, 0xff, 0xff, 0xf0,
    0x0, 0x1f, 0xff, 0xff, 0xe0, 0x0, 0xf, 0xff,
    0xff, 0xc0, 0x0, 0x3, 0x87, 0xff, 0x0, 0x0,
    0x0, 0xf, 0xfe, 0x0, 0x0, 0x0, 0x1f, 0xfc,
    0x0, 0x0, 0x0, 0x7f, 0xf0, 0x0, 0x0, 0x0,
    0xff, 0xe0, 0x0, 0x0, 0x1, 0xff, 0xc0, 0x0,
    0x0, 0x3, 0xff, 0x80, 0x0, 0x0, 0x7, 0xfe,
    0x0, 0x0, 0x0, 0xf, 0xfc, 0x0, 0x0, 0x0,
    0x3f, 0xf9, 0xc0, 0x0, 0x0, 0x7f, 0xf7, 0x80,
    0x0, 0x0, 0xff, 0xfe, 0x0, 0x0, 0x1, 0xff,
    0xf8, 0x0, 0x0, 0x3, 0xff, 0xf0, 0x0, 0x0,
    0x7, 0xff, 0xc0, 0x0, 0x0, 0x7, 0xff, 0x0,
    0x0, 0x0, 0xf, 0xfc, 0x0, 0x0, 0x0, 0xf,
    0xf8, 0x0, 0x0, 0x0, 0x1f, 0xe0, 0x0, 0x0,
    0x0, 0x1f, 0x80, 0x0, 0x0, 0x0, 0x0, 0x0,
    0x0,

    /* U+0072 "r" */
    0x0, 0x0, 0x0, 0x0, 0x0, 0x7, 0x80, 0x0,
    0x0, 0x7, 0xf0, 0xf, 0xe0, 0x7, 0xfe, 0xf,
    0xfc, 0x7, 0xff, 0x87, 0xff, 0x83, 0xff, 0xe3,
    0xff, 0xf1, 0xff, 0xf9, 0xff, 0xfc, 0xff, 0xfe,
    0xff, 0xff, 0x3f, 0xff, 0xff, 0xff, 0xc7, 0xff,
    0xff, 0xff, 0xf0, 0x7f, 0xff, 0xff, 0xfc, 0x1f,
    0xff, 0xc1, 0xfe, 0xf, 0xff, 0xe0, 0x7f, 0x83,
    0xff, 0xf0, 0xf, 0xc0, 0xff, 0xf8, 0x3, 0xe0,
    0x7f, 0xfe, 0x0, 0xf0, 0x1f, 0xff, 0x0, 0x18,
    0x7, 0xff, 0x80, 0x0, 0x3, 0xff, 0xe0, 0x0,
    0x0, 0xff, 0xf0, 0x0, 0x0, 0x3f, 0xfc, 0x0,
    0x0, 0xf, 0xff, 0x0, 0x0, 0x7, 0xff, 0x80,
    0x0, 0x1, 0xff, 0xe0, 0x0, 0x0, 0x7f, 0xf0,
    0x0, 0x0, 0x1f, 0xfc, 0x0, 0x0, 0xf, 0xff,
    0x0, 0x0, 0x3, 0xff, 0xc0, 0x0, 0x0, 0xff,
    0xe0, 0x0, 0x0, 0x3f, 0xf8, 0x0, 0x0, 0xf,
    0xfe, 0x0, 0x0, 0x3, 0xff, 0x80, 0x0, 0x0,
    0xff, 0xe0, 0x0, 0x0, 0x3f, 0xf8, 0x0, 0x0,
    0xf, 0xfc, 0x0, 0x0, 0x1, 0xff, 0x0, 0x0,
    0x0, 0x3f, 0x80, 0x0, 0x0, 0x7, 0xc0, 0x0,
    0x0, 0x0, 0x0, 0x0, 0x0, 0x0,

    /* U+0073 "s" */
    0x0, 0x0, 0x3, 0xf8, 0x0, 0x0, 0x1f, 0xfe,
    0x0, 0x0, 0x3f, 0xff, 0x0, 0x0, 0x7f, 0xfe,
    0x0, 0x0, 0xff, 0xfc, 0x0, 0x1, 0xff, 0xf0,
    0x0, 0x3, 0xff, 0xe0, 0x0, 0x3, 0xff, 0xc0,
    0x0, 0x3, 0xff, 0xc0, 0x0, 0x7, 0xff, 0x80,
    0x0, 0x7, 0xff, 0x80, 0x0, 0x7, 0xff, 0x80,
    0x0, 0x7, 0xff, 0x80, 0x0, 0x7, 0xff, 0x80,
    0x0, 0x7, 0xff, 0x80, 0x0, 0x7, 0xff, 0xc0,
    0x0, 0x7, 0xff, 0xc0, 0x0, 0x3, 0xff, 0xc0,
    0x0, 0x3, 0xff, 0xc0, 0x0, 0x3, 0xff, 0xe0,
    0x0, 0x3, 0xff, 0xe0, 0x0, 0x3, 0xff, 0xe0,
    0x0, 0x1, 0xff, 0xe0, 0x0, 0x1, 0xff, 0xe0,
    0x1, 0x81, 0xff, 0xe0, 0xf, 0xe1, 0xff, 0xe0,
    0x1f, 0xc1, 0xff, 0xe0, 0x3f, 0x81, 0xff, 0xe0,
    0x7f, 0x3, 0xff, 0xc0, 0x7e, 0x3, 0xff, 0xc0,
    0xfc, 0x3, 0xff, 0xc0, 0xfc, 0x7, 0xff, 0x80,
    0xfc, 0xf, 0xff, 0x80, 0xfc, 0x1f, 0xff, 0x0,
    0xff, 0xff, 0xfe, 0x0, 0x7f, 0xff, 0xfe, 0x0,
    0x7f, 0xff, 0xfc, 0x0, 0x3f, 0xff, 0xf0, 0x0,
    0x1f, 0xff, 0xe0, 0x0, 0x7, 0xff, 0x80, 0x0,
    0x1, 0xfe, 0x0, 0x0,

    /* U+0074 "t" */
    0x0, 0x0, 0x7c, 0x0, 0x0, 0x3f, 0xe0, 0x0,
    0x3f, 0xfe, 0x0, 0xf, 0xff, 0xe0, 0x0, 0xff,
    0xfe, 0x0, 0x7, 0xff, 0xe0, 0x0, 0x1f, 0xfc,
    0x0, 0x3, 0xff, 0xc0, 0x0, 0x3f, 0xfc, 0x0,
    0x3, 0xff, 0x80, 0x0, 0x7f, 0xf8, 0x0, 0x7,
    0xff, 0x80, 0x0, 0x7f, 0xf0, 0x0, 0xf, 0xff,
    0x0, 0x0, 0xff, 0xe0, 0x0, 0xf, 0xfe, 0x0,
    0x1, 0xff, 0xe0, 0x0, 0x3f, 0xff, 0xfe, 0x3f,
    0xff, 0xff, 0xe3, 0xff, 0xff, 0xfe, 0x7f, 0xff,
    0xff, 0xc7, 0xff, 0xff, 0xf8, 0x3f, 0xff, 0xff,
    0x0, 0x7f, 0xf8, 0x0, 0x7, 0xff, 0x0, 0x0,
    0xff, 0xf0, 0x0, 0xf, 0xfe, 0x0, 0x0, 0xff,
    0xe0, 0x0, 0xf, 0xfe, 0x0, 0x1, 0xff, 0xe0,
    0x0, 0x1f, 0xfc, 0x0, 0x1, 0xff, 0xc0, 0x0,
    0x1f, 0xfc, 0x0, 0x3, 0xff, 0xc0, 0x0, 0x3f,
    0xf8, 0x0, 0x3, 0xff, 0x80, 0x0, 0x3f, 0xf8,
    0x0, 0x7, 0xff, 0x80, 0x0, 0x7f, 0xf0, 0x0,
    0x7, 0xff, 0x0, 0x0, 0x7f, 0xf0, 0x0, 0x7,
    0xff, 0x0, 0x0, 0xff, 0xf0, 0x0, 0xf, 0xfe,
    0x0, 0x0, 0xff, 0xe0, 0x0, 0xf, 0xfe, 0x0,
    0x0, 0xff, 0xe0, 0x0, 0xf, 0xfe, 0x0, 0x0,
    0xff, 0xe3, 0x80, 0xf, 0xff, 0xf8, 0x0, 0xff,
    0xff, 0x80, 0x7, 0xff, 0xf0, 0x0, 0x7f, 0xfe,
    0x0, 0x3, 0xff, 0xc0, 0x0, 0x1f, 0xf8, 0x0,
    0x0, 0xfe, 0x0, 0x0,

    /* U+0075 "u" */
    0x0, 0x1e, 0x0, 0x0, 0xe0, 0x1, 0xf8, 0x0,
    0x1f, 0x80, 0x1f, 0xc0, 0x1, 0xfc, 0x1, 0xfe,
    0x0, 0x1f, 0xf0, 0x1f, 0xf0, 0x0, 0xff, 0x0,
    0xff, 0x80, 0xf, 0xf8, 0xf, 0xfc, 0x0, 0x7f,
    0xc0, 0x7f, 0xe0, 0x7, 0xfe, 0x7, 0xff, 0x0,
    0x3f, 0xf0, 0x3f, 0xf8, 0x3, 0xff, 0x83, 0xff,
    0x80, 0x1f, 0xf8, 0x1f, 0xfc, 0x1, 0xff, 0xc1,
    0xff, 0xe0, 0xf, 0xfe, 0xf, 0xfe, 0x0, 0x7f,
    0xf0, 0x7f, 0xf0, 0x7, 0xff, 0x7, 0xff, 0x0,
    0x3f, 0xf8, 0x3f, 0xf8, 0x1, 0xff, 0xc1, 0xff,
    0x80, 0x1f, 0xfe, 0x1f, 0xfc, 0x0, 0xff, 0xe0,
    0xff, 0xe0, 0xf, 0xff, 0x7, 0xfe, 0x0, 0x7f,
    0xf8, 0x3f, 0xf0, 0x7, 0xff, 0xc3, 0xff, 0x80,
    0x3f, 0xfc, 0x1f, 0xfc, 0x3, 0xff, 0xe0, 0xff,
    0xc0, 0x3f, 0xff, 0x7, 0xfe, 0x7, 0xff, 0xf8,
    0x3f, 0xf0, 0x7f, 0xff, 0xc1, 0xff, 0xcf, 0xff,
    0xfc, 0xf, 0xff, 0xff, 0xff, 0xe0, 0x7f, 0xff,
    0xff, 0xff, 0x3, 0xff, 0xff, 0xbf, 0xf8, 0xf,
    0xff, 0xf9, 0xff, 0x80, 0x7f, 0xff, 0xf, 0xfc,
    0x1, 0xff, 0xf0, 0x7f, 0xc0, 0x3, 0xfe, 0x1,
    0xfe, 0x0, 0xf, 0xc0, 0x7, 0xe0, 0x0, 0x0,
    0x0, 0xc, 0x0, 0x0,

    /* U+0076 "v" */
    0x0, 0x0, 0x0, 0x1, 0xe0, 0x0, 0xf8, 0x7f,
    0x80, 0x1f, 0xc7, 0xf8, 0x0, 0xfe, 0xff, 0xc0,
    0xf, 0xef, 0xfc, 0x0, 0x7e, 0xff, 0xc0, 0x7,
    0xf7, 0xfe, 0x0, 0x7f, 0x7f, 0xe0, 0x7, 0xf7,
    0xfe, 0x0, 0x7f, 0x7f, 0xe0, 0x7, 0xf7, 0xfe,
    0x0, 0x7f, 0x7f, 0xe0, 0xf, 0xf7, 0xfe, 0x0,
    0xff, 0x7f, 0xe0, 0xf, 0xe7, 0xfe, 0x1, 0xfe,
    0x7f, 0xe0, 0x1f, 0xe7, 0xfe, 0x1, 0xfe, 0x7f,
    0xe0, 0x3f, 0xc7, 0xfe, 0x3, 0xfc, 0x7f, 0xe0,
    0x7f, 0x87, 0xfc, 0xf, 0xf8, 0x7f, 0xc0, 0xff,
    0x7, 0xfc, 0x1f, 0xf0, 0x7f, 0xc1, 0xfe, 0x7,
    0xfc, 0x3f, 0xc0, 0x7f, 0xc7, 0xfc, 0x7, 0xfc,
    0xff, 0x80, 0x7f, 0xdf, 0xf0, 0x7, 0xff, 0xfe,
    0x0, 0x7f, 0xff, 0xc0, 0x7, 0xff, 0xf8, 0x0,
    0x7f, 0xff, 0x0, 0x3, 0xff, 0xe0, 0x0, 0x3f,
    0xf8, 0x0, 0x3, 0xff, 0x0, 0x0, 0x1f, 0xc0,
    0x0, 0x0, 0x60, 0x0, 0x0,

    /* U+0077 "w" */
    0x8, 0x0, 0x0, 0x0, 0x0, 0x1, 0xf0, 0x0,
    0x0, 0x0, 0xfe, 0x1f, 0xc0, 0x0, 0x0, 0x7,
    0xf8, 0xff, 0x0, 0xf, 0x80, 0x1f, 0xe7, 0xfc,
    0x0, 0x7c, 0x0, 0x3f, 0x3f, 0xe0, 0x7, 0xf0,
    0x1, 0xfd, 0xff, 0x80, 0x3f, 0x80, 0xf, 0xe7,
    0xfc, 0x1, 0xfe, 0x0, 0x7f, 0x3f, 0xe0, 0x1f,
    0xf0, 0x3, 0xf9, 0xff, 0x80, 0xff, 0x80, 0x3f,
    0xcf, 0xfc, 0x7, 0xfc, 0x1, 0xfe, 0x7f, 0xe0,
    0x7f, 0xf0, 0xf, 0xf3, 0xff, 0x3, 0xff, 0x80,
    0xff, 0x9f, 0xf8, 0x1f, 0xfc, 0x7, 0xfc, 0xff,
    0xc1, 0xff, 0xe0, 0x7f, 0xc7, 0xfe, 0xf, 0xff,
    0x3, 0xfe, 0x3f, 0xf0, 0xff, 0xf8, 0x3f, 0xf1,
    0xff, 0x87, 0xff, 0xc1, 0xff, 0xf, 0xfc, 0x7f,
    0xfe, 0x1f, 0xf8, 0x7f, 0xe3, 0xff, 0xf1, 0xff,
    0x83, 0xff, 0x3f, 0xff, 0xcf, 0xfc, 0x1f, 0xfb,
    0xff, 0xfe, 0xff, 0xc0, 0xff, 0xff, 0xff, 0xff,
    0xfe, 0x7, 0xff, 0xff, 0xff, 0xff, 0xe0, 0x7f,
    0xff, 0xff, 0xff, 0xff, 0x3, 0xff, 0xff, 0xff,
    0xff, 0xf0, 0x1f, 0xff, 0xff, 0xff, 0xff, 0x0,
    0xff, 0xff, 0x7f, 0xff, 0xf0, 0x7, 0xff, 0xf3,
    0xff, 0xff, 0x80, 0x3f, 0xff, 0x9f, 0xff, 0xf8,
    0x1, 0xff, 0xf8, 0xff, 0xff, 0x80, 0xf, 0xff,
    0x87, 0xff, 0xf8, 0x0, 0x7f, 0xfc, 0x3f, 0xff,
    0x80, 0x3, 0xff, 0xc0, 0xff, 0xf8, 0x0, 0xf,
    0xfc, 0x7, 0xff, 0x80, 0x0, 0x3f, 0xc0, 0x3f,
    0xf8, 0x0, 0x1, 0xf8, 0x0, 0xff, 0x80, 0x0,
    0x0, 0x0, 0x3, 0xf0, 0x0, 0x0, 0x0, 0x0,
    0x0, 0x0, 0x0, 0x0,

    /* U+0078 "x" */
    0x0, 0x0, 0x0, 0x0, 0x0, 0x7, 0xc0, 0x0,
    0xf0, 0x1, 0xfe, 0x0, 0x1f, 0x0, 0x7f, 0xe0,
    0x3, 0xf0, 0x1f, 0xfc, 0x0, 0x7e, 0x7, 0xff,
    0xc0, 0xf, 0xc1, 0xff, 0xfc, 0x3, 0xf8, 0x7f,
    0xff, 0x80, 0xff, 0xe, 0x3f, 0xf8, 0x3f, 0xe1,
    0x87, 0xff, 0xf, 0xf8, 0x0, 0xff, 0xe1, 0xff,
    0x0, 0x1f, 0xfe, 0x7f, 0xe0, 0x1, 0xff, 0xff,
    0xf8, 0x0, 0x3f, 0xff, 0xff, 0x0, 0x7, 0xff,
    0xff, 0xc0, 0x0, 0x7f, 0xff, 0xf0, 0x0, 0xf,
    0xff, 0xfc, 0x0, 0x1, 0xff, 0xff, 0x0, 0x0,
    0x3f, 0xff, 0xe0, 0x0, 0x3, 0xff, 0xf8, 0x0,
    0x0, 0x7f, 0xfc, 0x0, 0x0, 0x3f, 0xff, 0x80,
    0x0, 0xf, 0xff, 0xf0, 0x0, 0x3, 0xff, 0xfe,
    0x0, 0x0, 0xff, 0xff, 0xe0, 0x0, 0x3f, 0xff,
    0xfc, 0x0, 0xf, 0xff, 0xff, 0x80, 0x3, 0xff,
    0xff, 0xf8, 0x0, 0xff, 0xcf, 0xff, 0x0, 0x3f,
    0xf1, 0xff, 0xf0, 0xf, 0xfc, 0x1f, 0xff, 0x1,
    0xff, 0x3, 0xff, 0xf0, 0x7f, 0x80, 0x3f, 0xfe,
    0xf, 0xe0, 0x7, 0xff, 0xe1, 0xfc, 0x0, 0x7f,
    0xfc, 0x3f, 0x0, 0x7, 0xff, 0x7, 0xc0, 0x0,
    0x7f, 0xe0, 0x70, 0x0, 0x7, 0xf8, 0x0, 0x0,
    0x0, 0x3c, 0x0,

    /* U+0079 "y" */
    0x0, 0x0, 0x0, 0x0, 0x0, 0x0, 0x0, 0x0,
    0x0, 0xf0, 0x0, 0x0, 0x0, 0x7, 0xc0, 0x38,
    0x0, 0x0, 0x7f, 0x7, 0xf0, 0x0, 0x3, 0xf8,
    0x7f, 0xc0, 0x0, 0x1f, 0xe3, 0xff, 0x80, 0x0,
    0xff, 0x1f, 0xfe, 0x0, 0x7, 0xf8, 0xff, 0xf8,
    0x0, 0x3f, 0xe1, 0xbf, 0xf0, 0x1, 0xff, 0x0,
    0xff, 0xc0, 0xf, 0xf8, 0x1, 0xff, 0x0, 0x7f,
    0xe0, 0x7, 0xfc, 0x3, 0xff, 0x0, 0x1f, 0xf0,
    0x1f, 0xf8, 0x0, 0x7f, 0xc0, 0x7f, 0xe0, 0x1,
    0xff, 0x3, 0xff, 0x0, 0x7, 0xfe, 0x1f, 0xf8,
    0x0, 0x1f, 0xf8, 0xff, 0xe0, 0x0, 0x7f, 0xe7,
    0xff, 0x0, 0x1, 0xff, 0x9f, 0xf8, 0x0, 0x7,
    0xfe, 0xff, 0xe0, 0x0, 0x1f, 0xff, 0xff, 0x0,
    0x0, 0x3f, 0xff, 0xfc, 0x0, 0x0, 0xff, 0xff,
    0xe0, 0x0, 0x3, 0xff, 0xff, 0x0, 0x0, 0xf,
    0xff, 0xfc, 0x0, 0x0, 0x3f, 0xff, 0xe0, 0x0,
    0x0, 0x7f, 0xff, 0x80, 0x0, 0x1, 0xff, 0xfc,
    0x0, 0x0, 0x7, 0xff, 0xf0, 0x0, 0x0, 0x1f,
    0xff, 0x80, 0x0, 0x0, 0x3f, 0xfc, 0x0, 0x0,
    0x0, 0xff, 0xf0, 0x0, 0x0, 0x3, 0xff, 0x80,
    0x0, 0x0, 0x1f, 0xfe, 0x0, 0x0, 0x0, 0x7f,
    0xf0, 0x0, 0x0, 0x1, 0xff, 0xc0, 0x0, 0x0,
    0xf, 0xfe, 0x0, 0x0, 0x0, 0x3f, 0xf8, 0x0,
    0x0, 0x0, 0xff, 0xc0, 0x0, 0x0, 0x7, 0xff,
    0x0, 0x0, 0x0, 0x1f, 0xf8, 0x0, 0x0, 0x0,
    0x7f, 0xe0, 0x0, 0x0, 0x3, 0xff, 0x80, 0x0,
    0x0, 0xf, 0xfc, 0x0, 0x0, 0x0, 0x3f, 0xf0,
    0x0, 0x0, 0x1, 0xff, 0x80, 0x0, 0x0, 0x7,
    0xfe, 0x0, 0x0, 0x0, 0x1f, 0xf0, 0x0, 0x0,
    0x0, 0x7f, 0xc0, 0x0, 0x0, 0x1, 0xfe, 0x0,
    0x0, 0x0, 0x7, 0xf8, 0x0, 0x0, 0x0, 0x1f,
    0xc0, 0x0, 0x0, 0x0, 0x7f, 0x0, 0x0, 0x0,
    0x0, 0xf8, 0x0, 0x0, 0x0, 0x0, 0x0, 0x0,
    0x0, 0x0,

    /* U+007A "z" */
    0x0, 0x7, 0xff, 0xfc, 0x0, 0x1, 0xff, 0xff,
    0xfc, 0x0, 0x3f, 0xff, 0xff, 0xe0, 0x7, 0xff,
    0xff, 0xfe, 0x0, 0xff, 0xff, 0xff, 0xe0, 0xf,
    0xff, 0xff, 0xfe, 0x1, 0xfe, 0x3, 0xff, 0xe0,
    0x1f, 0x80, 0x7f, 0xfc, 0x3, 0xf0, 0xf, 0xff,
    0x80, 0x3e, 0x1, 0xff, 0xf0, 0x3, 0xc0, 0x3f,
    0xfe, 0x0, 0x38, 0x7, 0xff, 0xc0, 0x1, 0x80,
    0xff, 0xfc, 0x0, 0x0, 0x1f, 0xff, 0x80, 0x0,
    0x3, 0xff, 0xf0, 0x0, 0x0, 0x7f, 0xfe, 0x0,
    0x0, 0xf, 0xff, 0xc0, 0x0, 0x1, 0xff, 0xf8,
    0x0, 0x0, 0x3f, 0xff, 0x0, 0x0, 0x7, 0xff,
    0xe0, 0x0, 0x0, 0xff, 0xfc, 0x0, 0x0, 0x1f,
    0xff, 0x80, 0x0, 0x3, 0xff, 0xf8, 0x0, 0x0,
    0x3f, 0xff, 0x0, 0x0, 0x7, 0xff, 0xe0, 0x0,
    0x0, 0xff, 0xfc, 0x0, 0x0, 0xf, 0xff, 0x80,
    0x0, 0xe1, 0xff, 0xfe, 0x0, 0x1e, 0x3f, 0xff,
    0xff, 0xff, 0xe3, 0xff, 0xff, 0xff, 0xfe, 0x7f,
    0xff, 0xff, 0xff, 0xc7, 0xff, 0xff, 0xff, 0xfc,
    0x7f, 0xff, 0xff, 0xff, 0x83, 0xff, 0xff, 0xff,
    0xf0, 0x0, 0x7, 0xff, 0xfe, 0x0, 0x0, 0x1,
    0xff, 0x0
};


/*---------------------
 *  GLYPH DESCRIPTION
 *--------------------*/

static const lv_font_fmt_txt_glyph_dsc_t glyph_dsc[] = {
    {.bitmap_index = 0, .adv_w = 0, .box_w = 0, .box_h = 0, .ofs_x = 0, .ofs_y = 0} /* id = 0 reserved */,
    {.bitmap_index = 0, .adv_w = 339, .box_w = 1, .box_h = 1, .ofs_x = 0, .ofs_y = 0},
    {.bitmap_index = 1, .adv_w = 720, .box_w = 42, .box_h = 57, .ofs_x = 1, .ofs_y = -4},
    {.bitmap_index = 301, .adv_w = 318, .box_w = 23, .box_h = 59, .ofs_x = 1, .ofs_y = -5},
    {.bitmap_index = 471, .adv_w = 627, .box_w = 42, .box_h = 57, .ofs_x = -1, .ofs_y = -4},
    {.bitmap_index = 771, .adv_w = 639, .box_w = 39, .box_h = 55, .ofs_x = 0, .ofs_y = -4},
    {.bitmap_index = 1040, .adv_w = 645, .box_w = 40, .box_h = 58, .ofs_x = 1, .ofs_y = -5},
    {.bitmap_index = 1330, .adv_w = 611, .box_w = 35, .box_h = 55, .ofs_x = 1, .ofs_y = -4},
    {.bitmap_index = 1571, .adv_w = 639, .box_w = 40, .box_h = 52, .ofs_x = 0, .ofs_y = -2},
    {.bitmap_index = 1831, .adv_w = 535, .box_w = 36, .box_h = 53, .ofs_x = 3, .ofs_y = -2},
    {.bitmap_index = 2070, .adv_w = 696, .box_w = 38, .box_h = 58, .ofs_x = 2, .ofs_y = -5},
    {.bitmap_index = 2346, .adv_w = 637, .box_w = 35, .box_h = 57, .ofs_x = 1, .ofs_y = -4},
    {.bitmap_index = 2596, .adv_w = 1000, .box_w = 61, .box_h = 59, .ofs_x = 1, .ofs_y = -5},
    {.bitmap_index = 3046, .adv_w = 889, .box_w = 52, .box_h = 60, .ofs_x = 1, .ofs_y = -8},
    {.bitmap_index = 3436, .adv_w = 752, .box_w = 51, .box_h = 61, .ofs_x = 2, .ofs_y = -8},
    {.bitmap_index = 3825, .adv_w = 819, .box_w = 49, .box_h = 61, .ofs_x = 0, .ofs_y = -7},
    {.bitmap_index = 4199, .adv_w = 782, .box_w = 54, .box_h = 59, .ofs_x = 1, .ofs_y = -8},
    {.bitmap_index = 4598, .adv_w = 652, .box_w = 68, .box_h = 62, .ofs_x = 1, .ofs_y = -9},
    {.bitmap_index = 5125, .adv_w = 775, .box_w = 50, .box_h = 79, .ofs_x = 1, .ofs_y = -27},
    {.bitmap_index = 5619, .adv_w = 931, .box_w = 62, .box_h = 61, .ofs_x = 1, .ofs_y = -8},
    {.bitmap_index = 6092, .adv_w = 316, .box_w = 24, .box_h = 57, .ofs_x = 1, .ofs_y = -5},
    {.bitmap_index = 6263, .adv_w = 738, .box_w = 55, .box_h = 75, .ofs_x = 1, .ofs_y = -26},
    {.bitmap_index = 6779, .adv_w = 657, .box_w = 53, .box_h = 68, .ofs_x = 1, .ofs_y = -15},
    {.bitmap_index = 7230, .adv_w = 960, .box_w = 57, .box_h = 59, .ofs_x = 1, .ofs_y = -8},
    {.bitmap_index = 7651, .adv_w = 1109, .box_w = 69, .box_h = 59, .ofs_x = 1, .ofs_y = -6},
    {.bitmap_index = 8160, .adv_w = 867, .box_w = 56, .box_h = 60, .ofs_x = 1, .ofs_y = -6},
    {.bitmap_index = 8580, .adv_w = 803, .box_w = 51, .box_h = 59, .ofs_x = 0, .ofs_y = -6},
    {.bitmap_index = 8957, .adv_w = 795, .box_w = 54, .box_h = 60, .ofs_x = 1, .ofs_y = -7},
    {.bitmap_index = 9362, .adv_w = 794, .box_w = 51, .box_h = 80, .ofs_x = 0, .ofs_y = -27},
    {.bitmap_index = 9872, .adv_w = 741, .box_w = 53, .box_h = 68, .ofs_x = 1, .ofs_y = -15},
    {.bitmap_index = 10323, .adv_w = 738, .box_w = 45, .box_h = 65, .ofs_x = 1, .ofs_y = -11},
    {.bitmap_index = 10689, .adv_w = 480, .box_w = 60, .box_h = 61, .ofs_x = 1, .ofs_y = -9},
    {.bitmap_index = 11147, .adv_w = 798, .box_w = 53, .box_h = 60, .ofs_x = 1, .ofs_y = -7},
    {.bitmap_index = 11545, .adv_w = 775, .box_w = 54, .box_h = 63, .ofs_x = 1, .ofs_y = -8},
    {.bitmap_index = 11971, .adv_w = 1034, .box_w = 71, .box_h = 62, .ofs_x = 1, .ofs_y = -6},
    {.bitmap_index = 12522, .adv_w = 810, .box_w = 62, .box_h = 64, .ofs_x = 1, .ofs_y = -10},
    {.bitmap_index = 13018, .adv_w = 714, .box_w = 57, .box_h = 74, .ofs_x = 1, .ofs_y = -19},
    {.bitmap_index = 13546, .adv_w = 991, .box_w = 62, .box_h = 65, .ofs_x = 0, .ofs_y = -12},
    {.bitmap_index = 14050, .adv_w = 579, .box_w = 38, .box_h = 35, .ofs_x = 0, .ofs_y = -4},
    {.bitmap_index = 14217, .adv_w = 624, .box_w = 39, .box_h = 51, .ofs_x = 1, .ofs_y = -3},
    {.bitmap_index = 14466, .adv_w = 510, .box_w = 31, .box_h = 37, .ofs_x = 0, .ofs_y = -4},
    {.bitmap_index = 14610, .adv_w = 606, .box_w = 43, .box_h = 52, .ofs_x = 1, .ofs_y = -3},
    {.bitmap_index = 14890, .adv_w = 513, .box_w = 32, .box_h = 37, .ofs_x = 0, .ofs_y = -2},
    {.bitmap_index = 15038, .adv_w = 473, .box_w = 41, .box_h = 62, .ofs_x = -10, .ofs_y = -26},
    {.bitmap_index = 15356, .adv_w = 564, .box_w = 41, .box_h = 59, .ofs_x = -3, .ofs_y = -26},
    {.bitmap_index = 15659, .adv_w = 611, .box_w = 37, .box_h = 57, .ofs_x = 1, .ofs_y = -7},
    {.bitmap_index = 15923, .adv_w = 302, .box_w = 23, .box_h = 54, .ofs_x = 1, .ofs_y = -4},
    {.bitmap_index = 16079, .adv_w = 295, .box_w = 44, .box_h = 80, .ofs_x = -23, .ofs_y = -30},
    {.bitmap_index = 16519, .adv_w = 596, .box_w = 39, .box_h = 60, .ofs_x = 1, .ofs_y = -8},
    {.bitmap_index = 16812, .adv_w = 319, .box_w = 24, .box_h = 55, .ofs_x = 2, .ofs_y = -4},
    {.bitmap_index = 16977, .adv_w = 886, .box_w = 53, .box_h = 40, .ofs_x = 1, .ofs_y = -5},
    {.bitmap_index = 17242, .adv_w = 662, .box_w = 37, .box_h = 36, .ofs_x = 2, .ofs_y = -4},
    {.bitmap_index = 17409, .adv_w = 596, .box_w = 35, .box_h = 38, .ofs_x = 1, .ofs_y = -5},
    {.bitmap_index = 17576, .adv_w = 645, .box_w = 42, .box_h = 55, .ofs_x = -1, .ofs_y = -20},
    {.bitmap_index = 17865, .adv_w = 604, .box_w = 39, .box_h = 56, .ofs_x = 1, .ofs_y = -22},
    {.bitmap_index = 18138, .adv_w = 529, .box_w = 34, .box_h = 39, .ofs_x = 2, .ofs_y = -4},
    {.bitmap_index = 18304, .adv_w = 447, .box_w = 32, .box_h = 41, .ofs_x = -2, .ofs_y = -5},
    {.bitmap_index = 18468, .adv_w = 354, .box_w = 28, .box_h = 56, .ofs_x = 2, .ofs_y = -6},
    {.bitmap_index = 18664, .adv_w = 582, .box_w = 37, .box_h = 37, .ofs_x = 1, .ofs_y = -4},
    {.bitmap_index = 18836, .adv_w = 490, .box_w = 28, .box_h = 38, .ofs_x = 3, .ofs_y = -3},
    {.bitmap_index = 18969, .adv_w = 752, .box_w = 45, .box_h = 39, .ofs_x = 3, .ofs_y = -4},
    {.bitmap_index = 19189, .adv_w = 537, .box_w = 35, .box_h = 39, .ofs_x = -1, .ofs_y = -5},
    {.bitmap_index = 19360, .adv_w = 550, .box_w = 38, .box_h = 56, .ofs_x = 2, .ofs_y = -20},
    {.bitmap_index = 19626, .adv_w = 564, .box_w = 36, .box_h = 36, .ofs_x = -2, .ofs_y = -4}
};

/*---------------------
 *  CHARACTER MAPPING
 *--------------------*/



/*Collect the unicode lists and glyph_id offsets*/
static const lv_font_fmt_txt_cmap_t cmaps[] =
{
    {
        .range_start = 32, .range_length = 1, .glyph_id_start = 1,
        .unicode_list = NULL, .glyph_id_ofs_list = NULL, .list_length = 0, .type = LV_FONT_FMT_TXT_CMAP_FORMAT0_TINY
    },
    {
        .range_start = 48, .range_length = 10, .glyph_id_start = 2,
        .unicode_list = NULL, .glyph_id_ofs_list = NULL, .list_length = 0, .type = LV_FONT_FMT_TXT_CMAP_FORMAT0_TINY
    },
    {
        .range_start = 65, .range_length = 26, .glyph_id_start = 12,
        .unicode_list = NULL, .glyph_id_ofs_list = NULL, .list_length = 0, .type = LV_FONT_FMT_TXT_CMAP_FORMAT0_TINY
    },
    {
        .range_start = 97, .range_length = 26, .glyph_id_start = 38,
        .unicode_list = NULL, .glyph_id_ofs_list = NULL, .list_length = 0, .type = LV_FONT_FMT_TXT_CMAP_FORMAT0_TINY
    }
};

/*-----------------
 *    KERNING
 *----------------*/


/*Pair left and right glyphs for kerning*/
static const uint8_t kern_pair_glyph_ids[] =
{
    2, 4,
    2, 5,
    2, 7,
    2, 9,
    2, 10,
    3, 2,
    3, 3,
    3, 7,
    3, 9,
    3, 10,
    3, 11,
    4, 2,
    4, 3,
    4, 7,
    4, 11,
    5, 3,
    5, 8,
    6, 4,
    6, 5,
    6, 9,
    7, 4,
    7, 5,
    7, 7,
    7, 9,
    7, 10,
    8, 4,
    8, 5,
    9, 3,
    9, 4,
    9, 5,
    9, 6,
    9, 9,
    9, 11,
    10, 4,
    10, 5,
    10, 6,
    10, 7,
    10, 8,
    10, 9,
    10, 10,
    10, 11,
    11, 4,
    11, 5,
    11, 7,
    11, 9,
    11, 10,
    12, 20,
    12, 21,
    13, 12,
    13, 17,
    13, 21,
    13, 22,
    13, 23,
    13, 27,
    13, 29,
    13, 31,
    13, 33,
    13, 34,
    13, 35,
    13, 36,
    13, 55,
    13, 59,
    13, 60,
    13, 61,
    13, 62,
    14, 12,
    14, 13,
    14, 15,
    14, 17,
    14, 19,
    14, 20,
    14, 21,
    14, 22,
    14, 23,
    14, 24,
    14, 25,
    14, 26,
    14, 27,
    14, 28,
    14, 29,
    14, 31,
    14, 32,
    14, 33,
    14, 34,
    14, 36,
    14, 37,
    14, 59,
    14, 60,
    15, 12,
    15, 21,
    15, 22,
    15, 23,
    15, 25,
    15, 33,
    15, 34,
    15, 35,
    15, 36,
    15, 37,
    15, 55,
    16, 15,
    16, 17,
    16, 20,
    16, 21,
    16, 23,
    16, 24,
    16, 25,
    16, 27,
    16, 29,
    16, 31,
    16, 32,
    16, 33,
    16, 34,
    16, 36,
    16, 62,
    17, 12,
    17, 13,
    17, 14,
    17, 15,
    17, 16,
    17, 17,
    17, 18,
    17, 19,
    17, 20,
    17, 21,
    17, 22,
    17, 23,
    17, 24,
    17, 25,
    17, 26,
    17, 27,
    17, 28,
    17, 29,
    17, 30,
    17, 31,
    17, 32,
    17, 33,
    17, 34,
    17, 35,
    17, 36,
    17, 37,
    17, 39,
    17, 45,
    17, 46,
    17, 47,
    17, 48,
    17, 49,
    17, 54,
    17, 55,
    17, 57,
    18, 12,
    18, 15,
    18, 17,
    18, 18,
    18, 20,
    18, 21,
    18, 22,
    18, 31,
    18, 49,
    18, 62,
    19, 12,
    19, 15,
    19, 17,
    19, 20,
    19, 21,
    19, 23,
    19, 24,
    19, 25,
    19, 27,
    19, 31,
    19, 38,
    20, 12,
    20, 15,
    20, 17,
    20, 18,
    20, 20,
    20, 23,
    20, 24,
    20, 25,
    20, 27,
    20, 31,
    20, 32,
    20, 33,
    21, 12,
    21, 13,
    21, 15,
    21, 17,
    21, 20,
    21, 21,
    21, 22,
    21, 24,
    21, 25,
    21, 26,
    21, 27,
    21, 28,
    21, 29,
    21, 31,
    21, 32,
    21, 33,
    21, 36,
    21, 45,
    21, 47,
    22, 13,
    22, 14,
    22, 15,
    22, 17,
    22, 18,
    22, 20,
    22, 21,
    22, 22,
    22, 24,
    22, 25,
    22, 26,
    22, 27,
    22, 28,
    22, 29,
    22, 30,
    22, 31,
    22, 32,
    22, 33,
    22, 34,
    22, 35,
    22, 36,
    22, 37,
    22, 39,
    22, 43,
    22, 44,
    22, 45,
    22, 46,
    22, 47,
    22, 48,
    22, 49,
    22, 50,
    22, 51,
    22, 52,
    22, 53,
    22, 55,
    22, 56,
    22, 57,
    22, 59,
    22, 60,
    22, 61,
    22, 62,
    22, 63,
    23, 21,
    23, 38,
    24, 21,
    24, 31,
    25, 20,
    25, 21,
    26, 12,
    26, 17,
    26, 18,
    26, 20,
    26, 21,
    26, 26,
    26, 28,
    26, 30,
    26, 31,
    26, 37,
    27, 12,
    27, 14,
    27, 15,
    27, 17,
    27, 18,
    27, 20,
    27, 21,
    27, 23,
    27, 24,
    27, 25,
    27, 26,
    27, 27,
    27, 28,
    27, 29,
    27, 30,
    27, 31,
    27, 32,
    27, 33,
    27, 34,
    27, 36,
    27, 37,
    27, 45,
    27, 55,
    27, 56,
    27, 57,
    27, 59,
    27, 60,
    27, 61,
    27, 62,
    28, 12,
    28, 17,
    28, 18,
    28, 19,
    28, 20,
    28, 23,
    28, 26,
    28, 28,
    28, 31,
    28, 37,
    28, 47,
    28, 57,
    29, 17,
    29, 18,
    29, 20,
    29, 24,
    29, 25,
    29, 26,
    29, 27,
    29, 28,
    29, 29,
    29, 31,
    29, 32,
    29, 33,
    29, 34,
    29, 36,
    29, 43,
    29, 44,
    29, 47,
    29, 53,
    29, 57,
    29, 59,
    29, 60,
    29, 62,
    30, 12,
    30, 18,
    30, 19,
    30, 21,
    30, 23,
    30, 35,
    30, 47,
    30, 48,
    30, 59,
    30, 60,
    30, 62,
    31, 12,
    31, 13,
    31, 14,
    31, 15,
    31, 16,
    31, 17,
    31, 18,
    31, 19,
    31, 20,
    31, 22,
    31, 24,
    31, 25,
    31, 26,
    31, 27,
    31, 28,
    31, 29,
    31, 30,
    31, 31,
    31, 32,
    31, 33,
    31, 34,
    31, 35,
    31, 36,
    31, 37,
    31, 39,
    31, 41,
    31, 45,
    31, 46,
    31, 47,
    31, 48,
    31, 49,
    31, 57,
    32, 12,
    32, 18,
    32, 20,
    32, 21,
    32, 23,
    32, 31,
    32, 32,
    32, 33,
    33, 12,
    33, 13,
    33, 15,
    33, 17,
    33, 18,
    33, 20,
    33, 21,
    33, 23,
    33, 24,
    33, 25,
    33, 26,
    33, 27,
    33, 29,
    33, 30,
    33, 31,
    33, 32,
    33, 33,
    33, 34,
    33, 36,
    33, 37,
    33, 38,
    33, 56,
    34, 12,
    34, 13,
    34, 17,
    34, 18,
    34, 20,
    34, 21,
    34, 23,
    34, 24,
    34, 26,
    34, 28,
    34, 30,
    34, 31,
    34, 32,
    34, 36,
    34, 37,
    34, 38,
    35, 13,
    35, 14,
    35, 15,
    35, 17,
    35, 18,
    35, 20,
    35, 22,
    35, 23,
    35, 24,
    35, 25,
    35, 26,
    35, 27,
    35, 28,
    35, 29,
    35, 31,
    35, 32,
    35, 33,
    35, 34,
    35, 35,
    35, 36,
    35, 39,
    35, 43,
    35, 44,
    35, 45,
    35, 46,
    35, 47,
    35, 48,
    35, 49,
    35, 51,
    35, 53,
    35, 55,
    35, 56,
    35, 57,
    35, 58,
    35, 59,
    35, 60,
    35, 61,
    35, 62,
    35, 63,
    36, 12,
    36, 13,
    36, 14,
    36, 15,
    36, 16,
    36, 17,
    36, 18,
    36, 19,
    36, 20,
    36, 21,
    36, 22,
    36, 23,
    36, 24,
    36, 25,
    36, 26,
    36, 27,
    36, 28,
    36, 29,
    36, 31,
    36, 32,
    36, 33,
    36, 34,
    36, 35,
    36, 36,
    36, 39,
    36, 45,
    36, 46,
    36, 47,
    36, 48,
    36, 49,
    36, 50,
    36, 51,
    36, 56,
    36, 57,
    36, 59,
    36, 60,
    36, 61,
    36, 62,
    36, 63,
    37, 18,
    37, 21,
    37, 47,
    37, 56,
    37, 59,
    37, 60,
    37, 62,
    38, 47,
    38, 49,
    39, 48,
    39, 60,
    39, 61,
    39, 62,
    40, 38,
    40, 49,
    40, 53,
    40, 62,
    41, 38,
    41, 56,
    42, 43,
    42, 49,
    43, 49,
    44, 42,
    44, 47,
    46, 51,
    46, 52,
    47, 47,
    47, 48,
    49, 38,
    49, 58,
    50, 39,
    50, 42,
    50, 50,
    50, 53,
    50, 62,
    51, 38,
    51, 41,
    51, 42,
    51, 44,
    51, 46,
    51, 56,
    51, 57,
    51, 62,
    52, 44,
    52, 49,
    52, 50,
    52, 55,
    52, 61,
    52, 62,
    52, 63,
    53, 46,
    53, 49,
    54, 47,
    54, 48,
    54, 49,
    54, 52,
    54, 58,
    55, 41,
    55, 49,
    55, 51,
    55, 56,
    55, 57,
    57, 45,
    57, 46,
    57, 47,
    57, 50,
    57, 51,
    57, 53,
    57, 55,
    57, 57,
    57, 58,
    57, 59,
    57, 60,
    57, 61,
    57, 62,
    58, 38,
    60, 48,
    60, 56,
    62, 38,
    62, 42,
    62, 47,
    62, 52,
    62, 56,
    62, 57,
    62, 59,
    62, 60,
    62, 61,
    62, 62,
    63, 56,
    63, 59,
    63, 62
};

/* Kerning between the respective left and right glyphs
 * 4.4 format which needs to scaled with `kern_scale`*/
static const int8_t kern_pair_values[] =
{
    -28, -25, -9, -12, -16, 15, 16, 22,
    15, 15, 21, 18, 24, 18, 18, 28,
    9, -22, -15, -12, -21, -18, -9, -16,
    -6, -15, -9, 40, -9, -12, -15, 21,
    18, -12, -18, -22, -18, -3, -9, -9,
    -9, -22, -9, -6, -12, -9, 18, -12,
    -61, -12, -36, -6, -24, -18, -16, -12,
    -9, -12, -18, -28, -12, -9, -9, -16,
    -24, -18, 18, 40, 40, -16, 40, -37,
    9, -18, 37, 34, 15, 30, 22, 34,
    40, 40, 37, 34, 34, -12, 21, 22,
    -37, -65, -9, -34, -12, -15, -18, -24,
    -24, -21, -7, 18, 18, 30, -28, -18,
    37, 28, 18, 21, 37, 31, 24, 28,
    28, -18, -37, 80, 40, 80, 43, 98,
    43, 61, 117, -28, 83, -37, 101, 104,
    49, 58, 43, 59, 40, 95, 77, 52,
    68, 58, 92, 52, 43, 49, 40, 62,
    49, 43, 9, 12, 46, -18, 22, 24,
    12, 24, -34, -12, 15, -9, -21, -30,
    18, 18, 28, -30, -12, 18, 16, 24,
    18, -6, -31, 22, 21, 3, 27, -15,
    18, 18, 18, 24, 12, 18, -24, 28,
    34, 34, 52, -31, 12, 37, 34, 15,
    21, 12, 28, 46, 34, 34, 24, 15,
    28, 52, 18, 59, 58, 28, 49, 34,
    37, 52, 43, 28, 49, 34, 40, 28,
    59, 43, 40, 40, 46, 52, 24, 24,
    49, 46, 43, 16, 86, 37, 34, 24,
    24, 18, 61, 18, 24, 34, 34, 37,
    31, 34, 27, -18, -15, -24, 9, 24,
    -34, -55, 18, 9, 24, -67, 9, 12,
    -18, 21, -30, -92, 18, 30, 34, 18,
    34, -101, -92, 21, 24, 15, 34, 15,
    24, -15, 34, 22, 24, 30, 24, -34,
    14, 16, -24, 12, 18, 15, 12, 9,
    -40, 16, 15, -34, 22, -30, 9, 18,
    27, -22, 43, 9, 21, 18, 28, 22,
    18, 18, 15, 24, 24, 30, 22, 31,
    28, 24, 37, 46, 86, 30, 21, 16,
    18, 18, -37, 9, -16, -34, -15, -9,
    49, -3, -6, -9, -18, -18, 83, 68,
    111, 65, 83, 61, 61, 98, 83, 120,
    83, 67, 83, 61, 98, 61, 120, 101,
    101, 98, 68, 101, 65, 67, 28, 71,
    67, 74, 68, 49, 52, -21, 9, 21,
    -37, -22, 31, 15, 16, -61, 27, 37,
    31, 16, 40, -86, -40, 40, 28, 21,
    25, 24, -18, 40, 40, 34, 37, 40,
    -24, -5, -18, -52, 16, 28, 15, 37,
    -64, -37, 28, 16, 12, -12, 46, 21,
    12, -12, -9, 43, 16, 52, 61, 21,
    52, 25, 18, 52, 52, 28, 43, 40,
    30, 68, 55, 43, 34, 24, 34, 28,
    40, 31, 34, 21, 58, 34, 30, 15,
    34, 18, 21, 34, 12, 27, 28, 22,
    18, 22, -46, 55, 40, 49, 18, 64,
    24, 18, 65, -52, 37, -55, 61, 52,
    43, 37, 43, 49, 61, 49, 43, 40,
    31, 49, 36, 40, 31, 40, 40, 43,
    28, 22, -9, 43, 28, 34, 24, 34,
    18, 9, -18, 52, 15, -6, -9, -25,
    -8, -12, -12, -9, -15, -21, 6, -6,
    -3, -12, -4, -9, -6, -4, -9, -4,
    24, -5, -12, 28, -9, -9, -4, -6,
    -8, -9, -16, -18, -9, -6, -9, -6,
    -14, -6, -16, -19, 2, -12, -9, -9,
    -15, -18, -12, -7, -9, 71, -6, -9,
    -6, -10, -3, -6, 11, -32, 11, 6,
    12, 12, 24, 12, 18, 20, 23, 9,
    22, 22, 18, 18, 6, -12, -3, -7,
    -6, 21, -6, -21, 12, 25, 22, 6,
    12, 15, -6, -9
};

/*Collect the kern pair's data in one place*/
static const lv_font_fmt_txt_kern_pair_t kern_pairs =
{
    .glyph_ids = kern_pair_glyph_ids,
    .values = kern_pair_values,
    .pair_cnt = 580,
    .glyph_ids_size = 0
};

/*--------------------
 *  ALL CUSTOM DATA
 *--------------------*/

#if LVGL_VERSION_MAJOR == 8
/*Store all the custom data of the font*/
static  lv_font_fmt_txt_glyph_cache_t cache;
#endif

#if LVGL_VERSION_MAJOR >= 8
static const lv_font_fmt_txt_dsc_t font_dsc = {
#else
static lv_font_fmt_txt_dsc_t font_dsc = {
#endif
    .glyph_bitmap = glyph_bitmap,
    .glyph_dsc = glyph_dsc,
    .cmaps = cmaps,
    .kern_dsc = &kern_pairs,
    .kern_scale = 46,
    .cmap_num = 4,
    .bpp = 1,
    .kern_classes = 0,
    .bitmap_format = 0,
#if LVGL_VERSION_MAJOR == 8
    .cache = &cache
#endif

};

// extern const lv_font_t lv_font_montserrat_72;


/*-----------------
 *  PUBLIC FONT
 *----------------*/

/*Initialize a public general font descriptor*/
#if LVGL_VERSION_MAJOR >= 8
const lv_font_t montserrat_72 = {
#else
lv_font_t montserrat_72 = {
#endif
    .get_glyph_dsc = lv_font_get_glyph_dsc_fmt_txt,    /*Function pointer to get glyph's data*/
    .get_glyph_bitmap = lv_font_get_bitmap_fmt_txt,    /*Function pointer to get glyph's bitmap*/
    .line_height = 86,          /*The maximum line height required by the font*/
    .base_line = 30,             /*Baseline measured from the bottom of the line*/
#if !(LVGL_VERSION_MAJOR == 6 && LVGL_VERSION_MINOR == 0)
    .subpx = LV_FONT_SUBPX_NONE,
#endif
#if LV_VERSION_CHECK(7, 4, 0) || LVGL_VERSION_MAJOR >= 8
    .underline_position = -5,
    .underline_thickness = 4,
#endif
    .static_bitmap = 0,
    .dsc = &font_dsc,          /*The custom font data. Will be accessed by `get_glyph_bitmap/dsc` */
#if LV_VERSION_CHECK(8, 2, 0) || LVGL_VERSION_MAJOR >= 9
    // .fallback = &lv_font_montserrat_72,
    .fallback = NULL,                      /* ← new */
#endif
    .user_data = NULL,
};



#endif /*#if MONTSERRAT_72*/
